,__v,_id,categories,createdAt,name,updatedAt
0,0.0,53584c3ed910e0720acfd3d9,['ethnicity'],2014-04-23T23:26:54.770Z,Abkhaz,2014-05-09T22:20:59.578Z
1,0.0,53584c3ed910e0720acfd338,['ethnicity'],2014-04-23T23:26:54.637Z,Aboriginal-Australians,2014-05-09T22:20:59.568Z
2,0.0,53584c3ed910e0720acfd3bb,['knowngroup'],2014-04-23T23:26:54.733Z,Abu Nidal Organization,2014-05-09T22:20:59.922Z
3,0.0,53584c3ed910e0720acfd47a,['ethnicity'],2014-04-23T23:26:54.886Z,Acehnese,2014-05-09T22:20:59.593Z
4,0.0,53584c3ed910e0720acfd306,['ethnicity'],2014-04-23T23:26:54.550Z,Achang,2014-05-09T22:20:59.626Z
5,0.0,53584c3ed910e0720acfd4c4,['ethnicity'],2014-04-23T23:26:54.948Z,Acholi,2014-05-09T22:20:59.678Z
6,0.0,53584c3ed910e0720acfd339,['ethnicity'],2014-04-23T23:26:54.639Z,Adivasi,2014-05-09T22:20:59.692Z
7,0.0,53584c3ed910e0720acfd47b,['ethnicity'],2014-04-23T23:26:54.887Z,Adjarians,2014-05-09T22:20:59.611Z
8,0.0,53584c3ed910e0720acfd307,['ethnicity'],2014-04-23T23:26:54.550Z,Adyghe,2014-05-09T22:20:59.651Z
9,0.0,53584c3ed910e0720acfd31f,['ethnicity'],2014-04-23T23:26:54.575Z,Adyghe,2014-04-23T23:26:54.575Z
10,0.0,53584c3ed910e0720acfd4c3,['ethnicity'],2014-04-23T23:26:54.948Z,Afar,2014-05-09T22:20:59.583Z
11,0.0,53584c3ed910e0720acfd45b,['knowngroup'],2014-04-23T23:26:54.851Z,African Development Bank,2014-05-09T22:20:59.975Z
12,0.0,53584c3fd910e0720acfd5ca,['religion'],2014-04-23T23:26:55.185Z,African Diasporic Religion,2014-05-09T22:21:00.265Z
13,0.0,53584c3ed910e0720acfd3db,['ethnicity'],2014-04-23T23:26:54.771Z,Afrikaners,2014-05-09T22:20:59.638Z
14,0.0,53584c3ed910e0720acfd472,['religion'],2014-04-23T23:26:54.875Z,Agnostic,2014-05-09T22:21:00.047Z
15,0.0,53584c3ed910e0720acfd482,['ethnicity'],2014-04-23T23:26:54.892Z,Agnostic/Athiest,2014-05-09T22:20:59.615Z
16,0.0,53584c3ed910e0720acfd33a,['ethnicity'],2014-04-23T23:26:54.640Z,Ahmadis,2014-05-09T22:20:59.693Z
17,0.0,53584c3ed910e0720acfd47c,['ethnicity'],2014-04-23T23:26:54.888Z,Ainu,2014-05-09T22:20:59.612Z
18,0.0,53584c3ed910e0720acfd308,['ethnicity'],2014-04-23T23:26:54.551Z,Aja,2014-05-09T22:20:59.629Z
19,0.0,53584c3ed910e0720acfd4c6,['ethnicity'],2014-04-23T23:26:54.949Z,Akan,2014-05-09T22:20:59.684Z
20,0.0,53584c3ed910e0720acfd3dc,['ethnicity'],2014-04-23T23:26:54.771Z,Aku,2014-05-09T22:20:59.638Z
21,0.0,53584c3ed910e0720acfd45a,['knowngroup'],2014-04-23T23:26:54.851Z,Al Aqsa Martyrs Brigade,2014-05-09T22:20:59.971Z
22,0.0,53584c3ed910e0720acfd3ba,['knowngroup'],2014-04-23T23:26:54.733Z,Al Qaeda,2014-05-09T22:20:59.922Z
23,0.0,53584c3ed910e0720acfd33b,['ethnicity'],2014-04-23T23:26:54.641Z,Alawi,2014-05-09T22:20:59.694Z
24,0.0,53584c3ed910e0720acfd47d,['ethnicity'],2014-04-23T23:26:54.890Z,Albanian,2014-05-09T22:20:59.612Z
25,0.0,53584c3ed910e0720acfd309,['ethnicity'],2014-04-23T23:26:54.552Z,Aleut,2014-05-09T22:20:59.629Z
26,0.0,53584c3fd910e0720acfd55c,['religion'],2014-04-23T23:26:55.085Z,Alewi,2014-05-09T22:21:00.254Z
27,0.0,53584c3ed910e0720acfd4c7,['ethnicity'],2014-04-23T23:26:54.950Z,Algonquian,2014-05-09T22:20:59.685Z
28,0.0,53584c3ed910e0720acfd3dd,['ethnicity'],2014-04-23T23:26:54.772Z,Altay,2014-05-09T22:20:59.639Z
29,0.0,53584c3ed910e0720acfd33c,['ethnicity'],2014-04-23T23:26:54.641Z,Alur,2014-05-09T22:20:59.696Z
30,0.0,53584c3fd910e0720acfd5b4,['knowngroup'],2014-04-23T23:26:55.160Z,Amal Militia,2014-05-09T22:21:00.151Z
31,0.0,53584c3ed910e0720acfd47e,['ethnicity'],2014-04-23T23:26:54.890Z,Ambonese,2014-05-09T22:20:59.613Z
32,0.0,53584c3ed910e0720acfd30a,['ethnicity'],2014-04-23T23:26:54.553Z,Americo-Liberians,2014-05-09T22:20:59.630Z
33,0.0,53584c3ed910e0720acfd4c8,['ethnicity'],2014-04-23T23:26:54.950Z,Amhara,2014-05-09T22:20:59.685Z
34,0.0,53584c3fd910e0720acfd546,['knowngroup'],2014-04-23T23:26:55.060Z,Amnesty International,2014-05-09T22:21:00.157Z
35,0.0,53584c3ed910e0720acfd3de,['ethnicity'],2014-04-23T23:26:54.774Z,Angika speakers,2014-05-09T22:20:59.639Z
36,0.0,53584c3ed910e0720acfd439,['ethnicity'],2014-04-23T23:26:54.826Z,Animist/Pagan,2014-05-09T22:20:59.874Z
37,0.0,53584c3fd910e0720acfd58c,['ethnicity'],2014-04-23T23:26:55.129Z,Ankole,2014-05-09T22:20:59.822Z
38,0.0,53584c3ed910e0720acfd33d,['ethnicity'],2014-04-23T23:26:54.641Z,Apache,2014-05-09T22:20:59.697Z
39,0.0,53584c3ed910e0720acfd30b,['ethnicity'],2014-04-23T23:26:54.555Z,Arab,2014-05-09T22:20:59.630Z
40,0.0,53584c3ed910e0720acfd47f,['ethnicity'],2014-04-23T23:26:54.891Z,Arab,2014-04-23T23:26:54.891Z
41,0.0,53584c3ed910e0720acfd3b9,['knowngroup'],2014-04-23T23:26:54.733Z,Arab Bank for Economic Development in Africa,2014-05-09T22:20:59.922Z
42,0.0,53584c3fd910e0720acfd60b,['knowngroup'],2014-04-23T23:26:55.255Z,Arab Cooperation Council,2014-05-09T22:21:00.006Z
43,0.0,53584c3fd910e0720acfd545,['knowngroup'],2014-04-23T23:26:55.059Z,Arab Economic Unity Council,2014-05-09T22:21:00.157Z
44,0.0,53584c3fd910e0720acfd5b5,['knowngroup'],2014-04-23T23:26:55.161Z,Arab League,2014-05-09T22:21:00.162Z
45,0.0,53584c3ed910e0720acfd45c,['knowngroup'],2014-04-23T23:26:54.852Z,Arab Maghreb Union,2014-05-09T22:20:59.975Z
46,0.0,53584c3fd910e0720acfd60c,['knowngroup'],2014-04-23T23:26:55.255Z,Arab Monetary Fund for Economic and Social Development,2014-05-09T22:21:00.009Z
47,0.0,53584c3ed910e0720acfd4c9,['ethnicity'],2014-04-23T23:26:54.952Z,Aragonese,2014-05-09T22:20:59.686Z
48,0.0,53584c3ed910e0720acfd480,['ethnicity'],2014-04-23T23:26:54.891Z,Arapaho,2014-05-09T22:20:59.614Z
49,0.0,53584c3ed910e0720acfd30c,['ethnicity'],2014-04-23T23:26:54.556Z,Arawak,2014-05-09T22:20:59.630Z
50,0.0,53584c3ed910e0720acfd3e1,['ethnicity'],2014-04-23T23:26:54.776Z,Argentinians,2014-05-09T22:20:59.641Z
51,0.0,53584c3fd910e0720acfd5bb,['knowngroup'],2014-04-23T23:26:55.166Z,Armed Islamic Group (GIA),2014-05-09T22:21:00.257Z
52,0.0,53584c3ed910e0720acfd3df,['ethnicity'],2014-04-23T23:26:54.775Z,Armenian,2014-05-09T22:20:59.640Z
53,0.0,53584c3ed910e0720acfd43e,['ethnicity'],2014-04-23T23:26:54.829Z,Aromanians,2014-05-09T22:20:59.926Z
54,0.0,53584c3fd910e0720acfd5a9,['ethnicity'],2014-04-23T23:26:55.153Z,Ashanti,2014-05-09T22:21:00.032Z
55,0.0,53584c3ed910e0720acfd3e0,['ethnicity'],2014-04-23T23:26:54.776Z,Ashkenazi Jews,2014-05-09T22:20:59.640Z
56,0.0,53584c3ed910e0720acfd4ca,['ethnicity'],2014-04-23T23:26:54.952Z,Asian,2014-05-09T22:20:59.686Z
57,0.0,53584c3fd910e0720acfd5b3,['knowngroup'],2014-04-23T23:26:55.159Z,Asian Development Bank,2014-05-09T22:21:00.150Z
58,0.0,53584c3ed910e0720acfd33f,['ethnicity'],2014-04-23T23:26:54.643Z,Assamese,2014-05-09T22:20:59.698Z
59,0.0,53584c3fd910e0720acfd610,['knowngroup'],2014-04-23T23:26:55.258Z,Association of Coffee Producing Countries,2014-05-09T22:21:00.027Z
60,0.0,53584c3ed910e0720acfd45d,['knowngroup'],2014-04-23T23:26:54.852Z,Association of Southeast Asian Nations (ASEAN),2014-05-09T22:20:59.975Z
61,0.0,53584c3ed910e0720acfd30d,['ethnicity'],2014-04-23T23:26:54.562Z,Assyrian,2014-05-09T22:20:59.631Z
62,0.0,53584c3ed910e0720acfd481,['ethnicity'],2014-04-23T23:26:54.892Z,Asturian,2014-05-09T22:20:59.615Z
63,0.0,53584c3ed910e0720acfd4cb,['ethnicity'],2014-04-23T23:26:54.953Z,Atacamenos,2014-05-09T22:20:59.687Z
64,0.0,53584c3ed910e0720acfd340,['ethnicity'],2014-04-23T23:26:54.644Z,Athabaskan,2014-05-09T22:20:59.699Z
65,0.0,53584c3ed910e0720acfd30e,['ethnicity'],2014-04-23T23:26:54.563Z,Australians,2014-05-09T22:20:59.632Z
66,0.0,53584c3ed910e0720acfd4cc,['ethnicity'],2014-04-23T23:26:54.954Z,Austrians,2014-05-09T22:20:59.687Z
67,0.0,53584c3ed910e0720acfd341,['ethnicity'],2014-04-23T23:26:54.644Z,Awadhi,2014-05-09T22:20:59.699Z
68,0.0,53584c3ed910e0720acfd483,['ethnicity'],2014-04-23T23:26:54.894Z,Aymara,2014-05-09T22:20:59.617Z
69,0.0,53584c3fd910e0720acfd543,['ethnicity'],2014-04-23T23:26:55.057Z,Azande,2014-05-09T22:21:00.155Z
70,0.0,53584c3ed910e0720acfd30f,['ethnicity'],2014-04-23T23:26:54.564Z,Azerbaijani,2014-05-09T22:20:59.632Z
71,0.0,53584c3fd910e0720acfd548,['knowngroup'],2014-04-23T23:26:55.061Z,Baath Party,2014-05-09T22:21:00.158Z
72,0.0,53584c3ed910e0720acfd4cd,['ethnicity'],2014-04-23T23:26:54.955Z,Baganda,2014-05-09T22:20:59.797Z
73,0.0,53584c3fd910e0720acfd577,['ethnicity'],2014-04-23T23:26:55.106Z,Baganda,2014-04-23T23:26:55.106Z
74,0.0,53584c3ed910e0720acfd3d1,['religion'],2014-04-23T23:26:54.760Z,Bahai Faith,2014-05-09T22:20:59.958Z
75,0.0,53584c3ed910e0720acfd3e3,['ethnicity'],2014-04-23T23:26:54.777Z,Bahais,2014-05-09T22:20:59.642Z
76,0.0,53584c3ed910e0720acfd4d1,['ethnicity'],2014-04-23T23:26:54.958Z,Bai,2014-05-09T22:20:59.690Z
77,0.0,53584c3ed910e0720acfd4d2,['ethnicity'],2014-04-23T23:26:54.958Z,Bakongo,2014-05-09T22:20:59.690Z
78,0.0,53584c3ed910e0720acfd3e8,['ethnicity'],2014-04-23T23:26:54.779Z,Bakweri,2014-05-09T22:20:59.644Z
79,0.0,53584c3ed910e0720acfd4d3,['ethnicity'],2014-04-23T23:26:54.958Z,Balanta,2014-05-09T22:20:59.691Z
80,0.0,53584c3ed910e0720acfd3e4,['ethnicity'],2014-04-23T23:26:54.777Z,Balinese,2014-05-09T22:20:59.642Z
81,0.0,53584c3ed910e0720acfd315,['ethnicity'],2014-04-23T23:26:54.567Z,Balkars,2014-05-09T22:20:59.635Z
82,0.0,53584c3ed910e0720acfd310,['ethnicity'],2014-04-23T23:26:54.564Z,Baloch,2014-05-09T22:20:59.633Z
83,0.0,53584c3ed910e0720acfd3e9,['ethnicity'],2014-04-23T23:26:54.779Z,Bamar,2014-05-09T22:20:59.645Z
84,0.0,53584c3ed910e0720acfd4ce,['ethnicity'],2014-04-23T23:26:54.955Z,Bambara,2014-05-09T22:20:59.688Z
85,0.0,53584c3ed910e0720acfd342,['ethnicity'],2014-04-23T23:26:54.645Z,Bamileke,2014-05-09T22:20:59.700Z
86,0.0,53584c3fd910e0720acfd5b6,['knowngroup'],2014-04-23T23:26:55.162Z,Bank for International Settlements,2014-05-09T22:21:00.162Z
87,0.0,53584c3fd910e0720acfd60e,['knowngroup'],2014-04-23T23:26:55.257Z,Bank of Central African States (BEAC),2014-05-09T22:21:00.026Z
88,0.0,53584c3ed910e0720acfd48a,['ethnicity'],2014-04-23T23:26:54.899Z,Bantu,2014-05-09T22:20:59.620Z
89,0.0,53584c3ed910e0720acfd316,['ethnicity'],2014-04-23T23:26:54.568Z,Banyarwanda,2014-05-09T22:20:59.636Z
90,0.0,53584c3ed910e0720acfd485,['ethnicity'],2014-04-23T23:26:54.896Z,Bari,2014-05-09T22:20:59.618Z
91,0.0,53584c3ed910e0720acfd34a,['ethnicity'],2014-04-23T23:26:54.649Z,Bariba,2014-05-09T22:20:59.707Z
92,0.0,53584c3ed910e0720acfd484,['ethnicity'],2014-04-23T23:26:54.894Z,Bashkirs,2014-05-09T22:20:59.617Z
93,0.0,53584c3ed910e0720acfd311,['ethnicity'],2014-04-23T23:26:54.565Z,Basoga,2014-05-09T22:20:59.634Z
94,0.0,53584c3ed910e0720acfd343,['ethnicity'],2014-04-23T23:26:54.645Z,Basque,2014-05-09T22:20:59.701Z
95,0.0,53584c3ed910e0720acfd48d,['ethnicity'],2014-04-23T23:26:54.901Z,Baster,2014-05-09T22:20:59.648Z
96,0.0,53584c3ed910e0720acfd3ed,['ethnicity'],2014-04-23T23:26:54.782Z,Batak,2014-05-09T22:20:59.672Z
97,0.0,53584c3ed910e0720acfd314,['ethnicity'],2014-04-23T23:26:54.567Z,Bateke,2014-05-09T22:20:59.635Z
98,0.0,53584c3ed910e0720acfd344,['ethnicity'],2014-04-23T23:26:54.646Z,Beja,2014-05-09T22:20:59.701Z
99,0.0,53584c3ed910e0720acfd486,['ethnicity'],2014-04-23T23:26:54.897Z,Belarusians,2014-05-09T22:20:59.619Z
100,0.0,53584c3ed910e0720acfd312,['ethnicity'],2014-04-23T23:26:54.566Z,Bemba,2014-05-09T22:20:59.634Z
101,0.0,53584c3ed910e0720acfd4d0,['ethnicity'],2014-04-23T23:26:54.957Z,Bengali-Hindu,2014-05-09T22:20:59.689Z
102,0.0,53584c3ed910e0720acfd348,['ethnicity'],2014-04-23T23:26:54.648Z,Beni-Shugal-Gumez,2014-05-09T22:20:59.706Z
103,0.0,53584c3ed910e0720acfd3e6,['ethnicity'],2014-04-23T23:26:54.778Z,Berber,2014-05-09T22:20:59.643Z
104,0.0,53584c3ed910e0720acfd4d7,['ethnicity'],2014-04-23T23:26:54.961Z,Beti-Pahuin,2014-05-09T22:20:59.716Z
105,0.0,53584c3ed910e0720acfd345,['ethnicity'],2014-04-23T23:26:54.646Z,Beydan,2014-05-09T22:20:59.701Z
106,0.0,53584c3ed910e0720acfd487,['ethnicity'],2014-04-23T23:26:54.897Z,Bhojpuri,2014-05-09T22:20:59.619Z
107,0.0,53584c3ed910e0720acfd3e7,['ethnicity'],2014-04-23T23:26:54.779Z,Bicolano,2014-05-09T22:20:59.643Z
108,0.0,53584c3ed910e0720acfd313,['ethnicity'],2014-04-23T23:26:54.566Z,Bihari,2014-05-09T22:20:59.635Z
109,0.0,53584c3ed910e0720acfd3ee,['ethnicity'],2014-04-23T23:26:54.782Z,Bilen,2014-05-09T22:20:59.673Z
110,0.0,53584c3ed910e0720acfd4c5,['ethnicity'],2014-04-23T23:26:54.949Z,Black-African,2014-05-09T22:20:59.679Z
111,0.0,53584c3ed910e0720acfd489,['ethnicity'],2014-04-23T23:26:54.899Z,Blang,2014-05-09T22:20:59.620Z
112,0.0,53584c3ed910e0720acfd4d4,['ethnicity'],2014-04-23T23:26:54.960Z,Bodo,2014-05-09T22:20:59.691Z
113,0.0,53584c3ed910e0720acfd349,['ethnicity'],2014-04-23T23:26:54.649Z,Bolivia,2014-05-09T22:20:59.706Z
114,0.0,53584c3ed910e0720acfd48b,['ethnicity'],2014-04-23T23:26:54.900Z,Bonan,2014-05-09T22:20:59.621Z
115,0.0,53584c3ed910e0720acfd317,['ethnicity'],2014-04-23T23:26:54.568Z,Bosniaks,2014-05-09T22:20:59.637Z
116,0.0,53584c3ed910e0720acfd318,['ethnicity'],2014-04-23T23:26:54.569Z,Brahui,2014-05-09T22:20:59.646Z
117,0.0,53584c3ed910e0720acfd48c,['ethnicity'],2014-04-23T23:26:54.900Z,Breton,2014-05-09T22:20:59.623Z
118,0.0,53584c3ed910e0720acfd3eb,['ethnicity'],2014-04-23T23:26:54.781Z,Brijwasi,2014-05-09T22:20:59.646Z
119,0.0,53584c3fd910e0720acfd623,['religion'],2014-04-23T23:26:55.273Z,Buddhism,2014-05-09T22:21:00.135Z
120,0.0,53584c3ed910e0720acfd48e,['ethnicity'],2014-04-23T23:26:54.903Z,Buddhist,2014-05-09T22:20:59.648Z
121,0.0,53584c3ed910e0720acfd31a,['ethnicity'],2014-04-23T23:26:54.569Z,Bugis,2014-05-09T22:20:59.649Z
122,0.0,53584c3ed910e0720acfd4d8,['ethnicity'],2014-04-23T23:26:54.962Z,Bulgarian,2014-05-09T22:20:59.717Z
123,0.0,53584c3ed910e0720acfd4d6,['ethnicity'],2014-04-23T23:26:54.960Z,Burakumin,2014-05-09T22:20:59.714Z
124,0.0,53584c3ed910e0720acfd34c,['ethnicity'],2014-04-23T23:26:54.650Z,Buryat,2014-05-09T22:20:59.714Z
125,0.0,53584c3ed910e0720acfd34b,['ethnicity'],2014-04-23T23:26:54.650Z,Bushmen,2014-05-09T22:20:59.714Z
126,0.0,53584c3ed910e0720acfd4d5,['ethnicity'],2014-04-23T23:26:54.960Z,Buyei,2014-05-09T22:20:59.691Z
127,0.0,53584c3ed910e0720acfd34d,['ethnicity'],2014-04-23T23:26:54.651Z,Cabindan-Mayombe,2014-05-09T22:20:59.738Z
128,0.0,53584c3ed910e0720acfd48f,['ethnicity'],2014-04-23T23:26:54.904Z,Caddo,2014-05-09T22:20:59.648Z
129,0.0,53584c3ed910e0720acfd31b,['ethnicity'],2014-04-23T23:26:54.571Z,Cape Verdean,2014-05-09T22:20:59.650Z
130,0.0,53584c3ed910e0720acfd3ef,['ethnicity'],2014-04-23T23:26:54.783Z,Catalan,2014-05-09T22:20:59.677Z
131,0.0,53584c3ed910e0720acfd3d2,['religion'],2014-04-23T23:26:54.760Z,Catholic,2014-05-09T22:20:59.958Z
132,0.0,53584c3ed910e0720acfd355,['ethnicity'],2014-04-23T23:26:54.655Z,Catholics,2014-05-09T22:20:59.743Z
133,0.0,53584c3ed910e0720acfd3e2,['ethnicity'],2014-04-23T23:26:54.776Z,Caucasian Avars,2014-05-09T22:20:59.641Z
134,0.0,53584c3ed910e0720acfd34e,['ethnicity'],2014-04-23T23:26:54.651Z,Cebuano,2014-05-09T22:20:59.740Z
135,0.0,53584c3ed910e0720acfd4dc,['ethnicity'],2014-04-23T23:26:54.965Z,Ch'orti',2014-05-09T22:20:59.725Z
136,0.0,53584c3ed910e0720acfd3f0,['ethnicity'],2014-04-23T23:26:54.784Z,Chagatai,2014-05-09T22:20:59.709Z
137,0.0,53584c3ed910e0720acfd4dd,['ethnicity'],2014-04-23T23:26:54.965Z,Cham,2014-05-09T22:20:59.726Z
138,0.0,53584c3ed910e0720acfd490,['ethnicity'],2014-04-23T23:26:54.904Z,Chamorro,2014-05-09T22:20:59.649Z
139,0.0,53584c3ed910e0720acfd4da,['ethnicity'],2014-04-23T23:26:54.963Z,Chechen,2014-05-09T22:20:59.724Z
140,0.0,53584c3ed910e0720acfd31e,['ethnicity'],2014-04-23T23:26:54.573Z,Cherokee,2014-05-09T22:20:59.651Z
141,0.0,53584c3ed910e0720acfd351,['ethnicity'],2014-04-23T23:26:54.653Z,Chewa,2014-05-09T22:20:59.870Z
142,0.0,53584c3ed910e0720acfd433,['ethnicity'],2014-04-23T23:26:54.824Z,Chewa,2014-04-23T23:26:54.824Z
143,0.0,53584c3ed910e0720acfd493,['ethnicity'],2014-04-23T23:26:54.911Z,Cheyenne,2014-05-09T22:20:59.674Z
144,0.0,53584c3ed910e0720acfd31d,['ethnicity'],2014-04-23T23:26:54.572Z,Chileans,2014-05-09T22:20:59.651Z
145,0.0,53584c3ed910e0720acfd34f,['ethnicity'],2014-04-23T23:26:54.652Z,Chinese,2014-05-09T22:20:59.740Z
146,0.0,53584c3ed910e0720acfd3f1,['ethnicity'],2014-04-23T23:26:54.784Z,Chinook,2014-05-09T22:20:59.710Z
147,0.0,53584c3ed910e0720acfd492,['ethnicity'],2014-04-23T23:26:54.910Z,Chipewyan,2014-05-09T22:20:59.674Z
148,0.0,53584c3ed910e0720acfd350,['ethnicity'],2014-04-23T23:26:54.652Z,Choctaw,2014-05-09T22:20:59.741Z
149,0.0,53584c3ed910e0720acfd354,['ethnicity'],2014-04-23T23:26:54.654Z,Christian,2014-05-09T22:20:59.743Z
150,0.0,53584c3fd910e0720acfd5cb,['religion'],2014-04-23T23:26:55.186Z,Christianity,2014-05-09T22:21:00.265Z
151,0.0,53584c3ed910e0720acfd31c,['ethnicity'],2014-04-23T23:26:54.571Z,Chukchi,2014-05-09T22:20:59.650Z
152,0.0,53584c3ed910e0720acfd491,['ethnicity'],2014-04-23T23:26:54.909Z,Chuukese,2014-05-09T22:20:59.673Z
153,0.0,53584c3ed910e0720acfd3f2,['ethnicity'],2014-04-23T23:26:54.785Z,Chuvash,2014-05-09T22:20:59.711Z
154,0.0,53584c3ed910e0720acfd3be,['knowngroup'],2014-04-23T23:26:54.736Z,Cocoa Producer's Alliance,2014-05-09T22:20:59.923Z
155,0.0,53584c3ed910e0720acfd3f3,['ethnicity'],2014-04-23T23:26:54.785Z,Colombian,2014-05-09T22:20:59.711Z
156,0.0,53584c3ed910e0720acfd45e,['knowngroup'],2014-04-23T23:26:54.853Z,Common Market for Eastern and Southern Africa,2014-05-09T22:20:59.976Z
157,0.0,53584c3fd910e0720acfd5b7,['knowngroup'],2014-04-23T23:26:55.163Z,Commonwealth of Independent States,2014-05-09T22:21:00.165Z
158,0.0,53584c3ed910e0720acfd460,['knowngroup'],2014-04-23T23:26:54.854Z,Commonwealth of Nations,2014-05-09T22:20:59.977Z
159,0.0,53584c3fd910e0720acfd549,['knowngroup'],2014-04-23T23:26:55.062Z,Communist,2014-05-09T22:21:00.158Z
160,0.0,53584c3fd910e0720acfd54a,['knowngroup'],2014-04-23T23:26:55.063Z,Community of Sahel-Saharan States (CENSAD),2014-05-09T22:21:00.159Z
161,0.0,53584c3fd910e0720acfd55d,['religion'],2014-04-23T23:26:55.087Z,Confucianism,2014-05-09T22:21:00.254Z
162,0.0,53584c3ed910e0720acfd352,['ethnicity'],2014-04-23T23:26:54.653Z,Confusian,2014-05-09T22:20:59.741Z
163,0.0,53584c3fd910e0720acfd527,['ethnicity'],2014-04-23T23:26:55.030Z,Cook Islands Maori,2014-05-09T22:21:00.037Z
164,0.0,53584c3ed910e0720acfd473,['religion'],2014-04-23T23:26:54.875Z,Coptic,2014-05-09T22:21:00.049Z
165,0.0,53584c3ed910e0720acfd494,['ethnicity'],2014-04-23T23:26:54.911Z,Coptic Christians,2014-05-09T22:20:59.675Z
166,0.0,53584c3ed910e0720acfd320,['ethnicity'],2014-04-23T23:26:54.575Z,Cornish,2014-05-09T22:20:59.652Z
167,0.0,53584c3ed910e0720acfd4de,['ethnicity'],2014-04-23T23:26:54.966Z,Corsican,2014-05-09T22:20:59.726Z
168,0.0,53584c3ed910e0720acfd3f6,['ethnicity'],2014-04-23T23:26:54.787Z,Costa Ricans,2014-05-09T22:20:59.713Z
169,0.0,53584c3ed910e0720acfd3f4,['ethnicity'],2014-04-23T23:26:54.786Z,Cotiers,2014-05-09T22:20:59.711Z
170,0.0,53584c3ed910e0720acfd45f,['knowngroup'],2014-04-23T23:26:54.853Z,Council of Europe,2014-05-09T22:20:59.977Z
171,0.0,53584c3ed910e0720acfd46e,['knowngroup'],2014-04-23T23:26:54.864Z,Council of Security and Cooperation in Europe (OSCE),2014-05-09T22:21:00.025Z
172,0.0,53584c3ed910e0720acfd4df,['ethnicity'],2014-04-23T23:26:54.966Z,Cree,2014-05-09T22:20:59.727Z
173,0.0,53584c3ed910e0720acfd322,['ethnicity'],2014-04-23T23:26:54.576Z,Creole,2014-05-09T22:20:59.652Z
174,0.0,53584c3ed910e0720acfd3f5,['ethnicity'],2014-04-23T23:26:54.786Z,Crimean Tatar,2014-05-09T22:20:59.712Z
175,0.0,53584c3ed910e0720acfd4ab,['ethnicity'],2014-04-23T23:26:54.924Z,Croats,2014-05-09T22:20:59.778Z
176,0.0,53584c3ed910e0720acfd497,['ethnicity'],2014-04-23T23:26:54.913Z,Cushitic,2014-05-09T22:20:59.678Z
177,0.0,53584c3ed910e0720acfd323,['ethnicity'],2014-04-23T23:26:54.577Z,Czech,2014-05-09T22:20:59.653Z
178,0.0,53584c3ed910e0720acfd4e1,['ethnicity'],2014-04-23T23:26:54.968Z,Dai,2014-05-09T22:20:59.729Z
179,0.0,53584c3ed910e0720acfd356,['ethnicity'],2014-04-23T23:26:54.666Z,Dalit,2014-05-09T22:20:59.744Z
180,0.0,53584c3ed910e0720acfd498,['ethnicity'],2014-04-23T23:26:54.913Z,Damara,2014-05-09T22:20:59.717Z
181,0.0,53584c3ed910e0720acfd324,['ethnicity'],2014-04-23T23:26:54.577Z,Danes,2014-05-09T22:20:59.653Z
182,0.0,53584c3ed910e0720acfd3f8,['ethnicity'],2014-04-23T23:26:54.788Z,Dargwa,2014-05-09T22:20:59.716Z
183,0.0,53584c3ed910e0720acfd357,['ethnicity'],2014-04-23T23:26:54.666Z,Daur,2014-05-09T22:20:59.744Z
184,0.0,53584c3ed910e0720acfd499,['ethnicity'],2014-04-23T23:26:54.914Z,Dayak,2014-05-09T22:20:59.718Z
185,0.0,53584c3ed910e0720acfd3bf,['knowngroup'],2014-04-23T23:26:54.736Z,Democratic Front for the Lib. of Palestine (DFLP),2014-05-09T22:20:59.923Z
186,0.0,53584c3fd910e0720acfd61e,['knowngroup'],2014-04-23T23:26:55.269Z,Democratic National Rally,2014-05-09T22:21:00.133Z
187,0.0,53584c3ed910e0720acfd358,['ethnicity'],2014-04-23T23:26:54.667Z,Dinka,2014-05-09T22:20:59.745Z
188,0.0,53584c3ed910e0720acfd326,['ethnicity'],2014-04-23T23:26:54.578Z,Djerma-Songhai,2014-05-09T22:20:59.655Z
189,0.0,53584c3ed910e0720acfd4e4,['ethnicity'],2014-04-23T23:26:54.970Z,Dogras,2014-05-09T22:20:59.732Z
190,0.0,53584c3ed910e0720acfd3f9,['ethnicity'],2014-04-23T23:26:54.788Z,Dogrib,2014-05-09T22:20:59.716Z
191,0.0,53584c3ed910e0720acfd3fa,['ethnicity'],2014-04-23T23:26:54.789Z,Dominicans,2014-05-09T22:20:59.806Z
192,0.0,53584c3ed910e0720acfd359,['ethnicity'],2014-04-23T23:26:54.667Z,Dong,2014-05-09T22:20:59.745Z
193,0.0,53584c3ed910e0720acfd49b,['ethnicity'],2014-04-23T23:26:54.915Z,Dongxiang,2014-05-09T22:20:59.720Z
194,0.0,53584c3ed910e0720acfd327,['ethnicity'],2014-04-23T23:26:54.579Z,Dravidian,2014-05-09T22:20:59.655Z
195,5.0,53584c3ed910e0720acfd3fb,['religion'],2014-04-23T23:26:54.789Z,Druze,2014-05-09T22:21:00.266Z
196,0.0,53584c3ed910e0720acfd4e5,['ethnicity'],2014-04-23T23:26:54.971Z,Druze,2014-04-23T23:26:54.971Z
197,0.0,53584c3fd910e0720acfd5cc,['religion'],2014-04-23T23:26:55.187Z,Druze,2014-04-23T23:26:55.187Z
198,0.0,53584c3ed910e0720acfd49c,['ethnicity'],2014-04-23T23:26:54.916Z,Duala,2014-05-09T22:20:59.720Z
199,0.0,53584c3ed910e0720acfd328,['ethnicity'],2014-04-23T23:26:54.622Z,Dutch,2014-05-09T22:20:59.656Z
200,0.0,53584c3ed910e0720acfd4e6,['ethnicity'],2014-04-23T23:26:54.971Z,Dyula,2014-05-09T22:20:59.733Z
201,0.0,53584c3ed910e0720acfd4e7,['ethnicity'],2014-04-23T23:26:54.972Z,East Indian,2014-05-09T22:20:59.734Z
202,0.0,53584c3ed910e0720acfd35b,['ethnicity'],2014-04-23T23:26:54.668Z,East Timorese,2014-05-09T22:20:59.746Z
203,0.0,53584c3ed910e0720acfd3bc,['knowngroup'],2014-04-23T23:26:54.735Z,Eastern and Southern African Trade and Development Bank,2014-05-09T22:20:59.923Z
204,0.0,53584c3fd910e0720acfd5b9,['knowngroup'],2014-04-23T23:26:55.164Z,Economic Community of Central African States,2014-05-09T22:21:00.256Z
205,0.0,53584c3fd910e0720acfd5c8,['knowngroup'],2014-04-23T23:26:55.182Z,Economic Community of West African States (ECOWAS),2014-05-09T22:21:00.264Z
206,0.0,53584c3fd910e0720acfd559,['knowngroup'],2014-04-23T23:26:55.084Z,Economic and Monetary Union of West Africa (UEMOA),2014-05-09T22:21:00.246Z
207,0.0,53584c3ed910e0720acfd49d,['ethnicity'],2014-04-23T23:26:54.916Z,Ecuadorians,2014-05-09T22:20:59.721Z
208,0.0,53584c3ed910e0720acfd346,['ethnicity'],2014-04-23T23:26:54.647Z,Edo,2014-05-09T22:20:59.702Z
209,0.0,53584c3ed910e0720acfd329,['ethnicity'],2014-04-23T23:26:54.623Z,Efik,2014-05-09T22:20:59.656Z
210,0.0,53584c3ed910e0720acfd3fd,['ethnicity'],2014-04-23T23:26:54.791Z,Ekajuk,2014-05-09T22:20:59.807Z
211,0.0,53584c3ed910e0720acfd35c,['ethnicity'],2014-04-23T23:26:54.668Z,English,2014-05-09T22:20:59.747Z
212,0.0,53584c3ed910e0720acfd353,['ethnicity'],2014-04-23T23:26:54.654Z,English-Creole,2014-05-09T22:20:59.742Z
213,0.0,53584c3ed910e0720acfd3c0,['knowngroup'],2014-04-23T23:26:54.736Z,Ennahda Movement,2014-05-09T22:20:59.924Z
214,0.0,53584c3ed910e0720acfd49e,['ethnicity'],2014-04-23T23:26:54.917Z,Eshira,2014-05-09T22:20:59.722Z
215,0.0,53584c3ed910e0720acfd32a,['ethnicity'],2014-04-23T23:26:54.623Z,Estonian,2014-05-09T22:20:59.657Z
216,0.0,53584c3ed910e0720acfd4e8,['ethnicity'],2014-04-23T23:26:54.972Z,Ethiopian-Jews,2014-05-09T22:20:59.734Z
217,0.0,53584c3fd910e0720acfd611,['knowngroup'],2014-04-23T23:26:55.260Z,European Bank for Reconstruction and Development,2014-05-09T22:21:00.030Z
218,0.0,53584c3ed910e0720acfd461,['knowngroup'],2014-04-23T23:26:54.854Z,European Free Trade Association,2014-05-09T22:21:00.001Z
219,0.0,53584c3fd910e0720acfd54b,['knowngroup'],2014-04-23T23:26:55.064Z,European Union,2014-05-09T22:21:00.161Z
220,0.0,53584c3ed910e0720acfd3fe,['ethnicity'],2014-04-23T23:26:54.791Z,Europeans,2014-05-09T22:20:59.808Z
221,0.0,53584c3ed910e0720acfd35d,['ethnicity'],2014-04-23T23:26:54.669Z,Evenks,2014-05-09T22:20:59.747Z
222,0.0,53584c3ed910e0720acfd49f,['ethnicity'],2014-04-23T23:26:54.918Z,Ewe,2014-05-09T22:20:59.723Z
223,0.0,53584c3ed910e0720acfd32b,['ethnicity'],2014-04-23T23:26:54.624Z,Ewondo,2014-05-09T22:20:59.659Z
224,0.0,53584c3ed910e0720acfd4e9,['ethnicity'],2014-04-23T23:26:54.973Z,Fang,2014-05-09T22:20:59.734Z
225,0.0,53584c3ed910e0720acfd35e,['ethnicity'],2014-04-23T23:26:54.669Z,Fante,2014-05-09T22:20:59.748Z
226,0.0,53584c3ed910e0720acfd3ff,['ethnicity'],2014-04-23T23:26:54.792Z,Faroese,2014-05-09T22:20:59.808Z
227,0.0,53584c3ed910e0720acfd3c1,['knowngroup'],2014-04-23T23:26:54.737Z,Fatah,2014-05-09T22:20:59.924Z
228,0.0,53584c3ed910e0720acfd4a0,['ethnicity'],2014-04-23T23:26:54.918Z,Fijian,2014-05-09T22:20:59.765Z
229,0.0,53584c3ed910e0720acfd32c,['ethnicity'],2014-04-23T23:26:54.624Z,Filipino,2014-05-09T22:20:59.659Z
230,0.0,53584c3ed910e0720acfd400,['ethnicity'],2014-04-23T23:26:54.793Z,Finno-Ugric,2014-05-09T22:20:59.809Z
231,0.0,53584c3ed910e0720acfd4ea,['ethnicity'],2014-04-23T23:26:54.973Z,Finns,2014-05-09T22:20:59.735Z
232,0.0,53584c3ed910e0720acfd35f,['ethnicity'],2014-04-23T23:26:54.670Z,Fon,2014-05-09T22:20:59.749Z
233,0.0,53584c3fd910e0720acfd60f,['knowngroup'],2014-04-23T23:26:55.257Z,Franc Zone Financial Community of Africa,2014-05-09T22:21:00.026Z
234,0.0,53584c3ed910e0720acfd4a1,['ethnicity'],2014-04-23T23:26:54.919Z,French,2014-05-09T22:20:59.773Z
235,0.0,53584c3ed910e0720acfd495,['ethnicity'],2014-04-23T23:26:54.912Z,French-Creole,2014-05-09T22:20:59.675Z
236,0.0,53584c3ed910e0720acfd4eb,['ethnicity'],2014-04-23T23:26:54.973Z,Frisians,2014-05-09T22:20:59.736Z
237,0.0,53584c3ed910e0720acfd4a2,['ethnicity'],2014-04-23T23:26:54.919Z,Friulan,2014-05-09T22:20:59.774Z
238,0.0,53584c3ed910e0720acfd360,['ethnicity'],2014-04-23T23:26:54.670Z,Fula,2014-05-09T22:20:59.750Z
239,0.0,53584c3ed910e0720acfd401,['ethnicity'],2014-04-23T23:26:54.793Z,Fur,2014-05-09T22:20:59.809Z
240,0.0,53584c3ed910e0720acfd3da,['ethnicity'],2014-04-23T23:26:54.770Z,Ga,2014-05-09T22:20:59.637Z
241,0.0,53584c3ed910e0720acfd330,['ethnicity'],2014-04-23T23:26:54.628Z,Gaels,2014-05-09T22:20:59.663Z
242,0.0,53584c3ed910e0720acfd404,['ethnicity'],2014-04-23T23:26:54.795Z,Galician,2014-05-09T22:20:59.811Z
243,0.0,53584c3ed910e0720acfd32e,['ethnicity'],2014-04-23T23:26:54.627Z,Garifuna,2014-05-09T22:20:59.660Z
244,0.0,53584c3ed910e0720acfd4ec,['ethnicity'],2014-04-23T23:26:54.974Z,Gayo,2014-05-09T22:20:59.737Z
245,0.0,53584c3ed910e0720acfd402,['ethnicity'],2014-04-23T23:26:54.793Z,Gbaya,2014-05-09T22:20:59.810Z
246,0.0,53584c3ed910e0720acfd4cf,['ethnicity'],2014-04-23T23:26:54.956Z,Gbaya,2014-04-23T23:26:54.956Z
247,0.0,53584c3ed910e0720acfd361,['ethnicity'],2014-04-23T23:26:54.671Z,Gelao,2014-05-09T22:20:59.750Z
248,0.0,53584c3ed910e0720acfd4a3,['ethnicity'],2014-04-23T23:26:54.920Z,Georgian,2014-05-09T22:20:59.774Z
249,0.0,53584c3ed910e0720acfd32f,['ethnicity'],2014-04-23T23:26:54.628Z,German,2014-05-09T22:20:59.662Z
250,0.0,53584c3ed910e0720acfd4ed,['ethnicity'],2014-04-23T23:26:54.976Z,Gia Rai,2014-05-09T22:20:59.737Z
251,0.0,53584c3ed910e0720acfd362,['ethnicity'],2014-04-23T23:26:54.671Z,Gin,2014-05-09T22:20:59.751Z
252,0.0,53584c3ed910e0720acfd4a4,['ethnicity'],2014-04-23T23:26:54.920Z,Gio,2014-05-09T22:20:59.775Z
253,0.0,53584c3ed910e0720acfd4a5,['ethnicity'],2014-04-23T23:26:54.921Z,Gondi,2014-05-09T22:20:59.775Z
254,0.0,53584c3ed910e0720acfd331,['ethnicity'],2014-04-23T23:26:54.629Z,Gorontalonese,2014-05-09T22:20:59.663Z
255,0.0,53584c3ed910e0720acfd4ef,['ethnicity'],2014-04-23T23:26:54.977Z,Grassfielders,2014-05-09T22:20:59.764Z
256,0.0,53584c3ed910e0720acfd405,['ethnicity'],2014-04-23T23:26:54.795Z,Grebo,2014-05-09T22:20:59.811Z
257,0.0,53584c3ed910e0720acfd364,['ethnicity'],2014-04-23T23:26:54.672Z,Greek,2014-05-09T22:20:59.752Z
258,0.0,53584c3fd910e0720acfd622,['knowngroup'],2014-04-23T23:26:55.272Z,Greenpeace,2014-05-09T22:21:00.134Z
259,0.0,53584c3fd910e0720acfd54d,['knowngroup'],2014-04-23T23:26:55.065Z,Group of Eight (G-8) (G-7 plus Russia),2014-05-09T22:21:00.163Z
260,0.0,53584c3ed910e0720acfd463,['knowngroup'],2014-04-23T23:26:54.855Z,Group of Seven (G-7),2014-05-09T22:21:00.002Z
261,0.0,53584c3fd910e0720acfd614,['knowngroup'],2014-04-23T23:26:55.262Z,Group of Seventy-Seven (G-77),2014-05-09T22:21:00.032Z
262,0.0,53584c3ed910e0720acfd365,['ethnicity'],2014-04-23T23:26:54.677Z,Guan,2014-05-09T22:20:59.753Z
263,0.0,53584c3ed910e0720acfd4a6,['ethnicity'],2014-04-23T23:26:54.921Z,Guarani,2014-05-09T22:20:59.776Z
264,0.0,53584c3ed910e0720acfd4f0,['ethnicity'],2014-04-23T23:26:54.983Z,Guatemalan,2014-05-09T22:20:59.766Z
265,0.0,53584c3ed910e0720acfd406,['ethnicity'],2014-04-23T23:26:54.796Z,Gujarati,2014-05-09T22:20:59.812Z
266,0.0,53584c3fd910e0720acfd613,['knowngroup'],2014-04-23T23:26:55.261Z,Gulf Cooperation Council,2014-05-09T22:21:00.031Z
267,0.0,53584c3ed910e0720acfd4a7,['ethnicity'],2014-04-23T23:26:54.921Z,Gwich'in,2014-05-09T22:20:59.776Z
268,0.0,53584c3ed910e0720acfd333,['ethnicity'],2014-04-23T23:26:54.629Z,Hadjerai,2014-05-09T22:20:59.667Z
269,0.0,53584c3ed910e0720acfd4f1,['ethnicity'],2014-04-23T23:26:54.984Z,Haida,2014-05-09T22:20:59.767Z
270,0.0,53584c3ed910e0720acfd366,['ethnicity'],2014-04-23T23:26:54.678Z,Haitian,2014-05-09T22:20:59.754Z
271,0.0,53584c3fd910e0720acfd615,['knowngroup'],2014-04-23T23:26:55.262Z,Hamas,2014-05-09T22:21:00.033Z
272,0.0,53584c3fd910e0720acfd562,['ethnicity'],2014-04-23T23:26:55.091Z,Hani,2014-05-09T22:20:59.669Z
273,0.0,53584c3ed910e0720acfd407,['ethnicity'],2014-04-23T23:26:54.797Z,Harari,2014-05-09T22:20:59.812Z
274,0.0,53584c3ed910e0720acfd369,['ethnicity'],2014-04-23T23:26:54.679Z,Haratin,2014-05-09T22:20:59.755Z
275,4.0,53584c3ed910e0720acfd409,['ethnicity'],2014-04-23T23:26:54.798Z,Hasidic,2014-05-09T22:21:00.049Z
276,0.0,53584c3ed910e0720acfd474,['religion'],2014-04-23T23:26:54.876Z,Hasidic,2014-04-23T23:26:54.876Z
277,0.0,53584c3ed910e0720acfd4a8,['ethnicity'],2014-04-23T23:26:54.922Z,Hausa,2014-05-09T22:20:59.777Z
278,0.0,53584c3ed910e0720acfd334,['ethnicity'],2014-04-23T23:26:54.630Z,Hawaiian,2014-05-09T22:20:59.668Z
279,0.0,53584c3ed910e0720acfd4f2,['ethnicity'],2014-04-23T23:26:54.985Z,Hazara,2014-05-09T22:20:59.767Z
280,0.0,53584c3ed910e0720acfd408,['ethnicity'],2014-04-23T23:26:54.797Z,Herero,2014-05-09T22:20:59.813Z
281,0.0,53584c3ed910e0720acfd464,['knowngroup'],2014-04-23T23:26:54.856Z,Hezbullah,2014-05-09T22:21:00.002Z
282,0.0,53584c3ed910e0720acfd3c3,['knowngroup'],2014-04-23T23:26:54.747Z,Highly Indebted Poor Countries (HIPC),2014-05-09T22:20:59.952Z
283,0.0,53584c3ed910e0720acfd4a9,['ethnicity'],2014-04-23T23:26:54.923Z,Hiligayon,2014-05-09T22:20:59.778Z
284,0.0,53584c3ed910e0720acfd367,['ethnicity'],2014-04-23T23:26:54.679Z,Hill Tribes,2014-05-09T22:20:59.754Z
285,0.0,53584c3ed910e0720acfd335,['ethnicity'],2014-04-23T23:26:54.630Z,Himachali,2014-05-09T22:20:59.668Z
286,0.0,53584c3ed910e0720acfd4f3,['ethnicity'],2014-04-23T23:26:54.986Z,Hindu,2014-05-09T22:20:59.769Z
287,0.0,53584c3fd910e0720acfd55e,['religion'],2014-04-23T23:26:55.088Z,Hinduism,2014-05-09T22:21:00.255Z
288,0.0,53584c3ed910e0720acfd4aa,['ethnicity'],2014-04-23T23:26:54.923Z,Hiri Motu,2014-05-09T22:20:59.778Z
289,0.0,53584c3ed910e0720acfd368,['ethnicity'],2014-04-23T23:26:54.679Z,Hmong,2014-05-09T22:20:59.755Z
290,0.0,53584c3ed910e0720acfd4f4,['ethnicity'],2014-04-23T23:26:54.987Z,Hoa,2014-05-09T22:20:59.769Z
291,0.0,53584c3ed910e0720acfd40a,['ethnicity'],2014-04-23T23:26:54.798Z,Hondurans,2014-05-09T22:20:59.815Z
292,0.0,53584c3ed910e0720acfd4f5,['ethnicity'],2014-04-23T23:26:54.988Z,Hui,2014-05-09T22:20:59.769Z
293,0.0,53584c3fd910e0720acfd5bd,['knowngroup'],2014-04-23T23:26:55.167Z,Human Rights Watch,2014-05-09T22:21:00.260Z
294,0.0,53584c3ed910e0720acfd40b,['ethnicity'],2014-04-23T23:26:54.798Z,Hungarian,2014-05-09T22:20:59.816Z
295,0.0,53584c3ed910e0720acfd36a,['ethnicity'],2014-04-23T23:26:54.680Z,Hupa,2014-05-09T22:20:59.756Z
296,0.0,53584c3ed910e0720acfd4ac,['ethnicity'],2014-04-23T23:26:54.924Z,Hutu,2014-05-09T22:20:59.779Z
297,0.0,53584c3fd910e0720acfd564,['ethnicity'],2014-04-23T23:26:55.092Z,Iban,2014-05-09T22:20:59.670Z
298,0.0,53584c3ed910e0720acfd40c,['ethnicity'],2014-04-23T23:26:54.799Z,Icelanders,2014-05-09T22:20:59.850Z
299,0.0,53584c3ed910e0720acfd4f6,['ethnicity'],2014-04-23T23:26:54.988Z,Igbo,2014-05-09T22:20:59.770Z
300,0.0,53584c3ed910e0720acfd4f7,['ethnicity'],2014-04-23T23:26:54.989Z,Ijaw,2014-05-09T22:20:59.880Z
301,0.0,53584c3ed910e0720acfd36c,['ethnicity'],2014-04-23T23:26:54.681Z,Ilocono,2014-05-09T22:20:59.757Z
302,0.0,53584c3ed910e0720acfd4ad,['ethnicity'],2014-04-23T23:26:54.925Z,Indian,2014-05-09T22:20:59.780Z
303,0.0,53584c3ed910e0720acfd36b,['ethnicity'],2014-04-23T23:26:54.680Z,Indigenous,2014-05-09T22:20:59.756Z
304,0.0,53584c3ed910e0720acfd3d3,['religion'],2014-04-23T23:26:54.761Z,Indigenous Tribal Religion,2014-05-09T22:20:59.958Z
305,0.0,53584c3ed910e0720acfd4ae,['ethnicity'],2014-04-23T23:26:54.926Z,Indonesian,2014-05-09T22:20:59.780Z
306,0.0,53584c3fd910e0720acfd566,['ethnicity'],2014-04-23T23:26:55.094Z,Ingush,2014-05-09T22:20:59.671Z
307,0.0,53584c3fd910e0720acfd54f,['knowngroup'],2014-04-23T23:26:55.074Z,Inter-African Coffee Organization (IACO),2014-05-09T22:21:00.163Z
308,0.0,53584c3fd910e0720acfd5c0,['knowngroup'],2014-04-23T23:26:55.171Z,Inter-Parliamentary Union,2014-05-09T22:21:00.261Z
309,0.0,53584c3ed910e0720acfd465,['knowngroup'],2014-04-23T23:26:54.857Z,Intergovernmental Authority on Development (IGAD),2014-05-09T22:21:00.003Z
310,0.0,53584c3ed910e0720acfd3c4,['knowngroup'],2014-04-23T23:26:54.748Z,International Atomic Energy Agency (IAEA),2014-05-09T22:20:59.952Z
311,0.0,53584c3ed910e0720acfd3c5,['knowngroup'],2014-04-23T23:26:54.748Z,International Cocoa Organization (ICCO),2014-05-09T22:20:59.953Z
312,0.0,53584c3fd910e0720acfd619,['knowngroup'],2014-04-23T23:26:55.265Z,International Commission of Jurists,2014-05-09T22:21:00.090Z
313,0.0,53584c3ed910e0720acfd466,['knowngroup'],2014-04-23T23:26:54.858Z,International Court of Justice (ICJ),2014-05-09T22:21:00.003Z
314,0.0,53584c3fd910e0720acfd5be,['knowngroup'],2014-04-23T23:26:55.168Z,International Criminal Court,2014-05-09T22:21:00.261Z
315,0.0,53584c3fd910e0720acfd550,['knowngroup'],2014-04-23T23:26:55.075Z,International Crisis Group,2014-05-09T22:21:00.164Z
316,0.0,53584c3fd910e0720acfd5b8,['knowngroup'],2014-04-23T23:26:55.163Z,International Fed. of Red Cross and Red Crescent (ICRC),2014-05-09T22:21:00.256Z
317,0.0,53584c3fd910e0720acfd5ba,['knowngroup'],2014-04-23T23:26:55.165Z,International Federation of Human Rights (FIDH),2014-05-09T22:21:00.257Z
318,0.0,53584c3fd910e0720acfd5bf,['knowngroup'],2014-04-23T23:26:55.169Z,International Grains Council,2014-05-09T22:21:00.261Z
319,0.0,53584c3fd910e0720acfd551,['knowngroup'],2014-04-23T23:26:55.075Z,International Helsinki Federation for Human Rights,2014-05-09T22:21:00.164Z
320,0.0,53584c3ed910e0720acfd467,['knowngroup'],2014-04-23T23:26:54.858Z,International Labor Organization,2014-05-09T22:21:00.003Z
321,0.0,53584c3ed910e0720acfd3c6,['knowngroup'],2014-04-23T23:26:54.749Z,International Monetary Fund (IMF),2014-05-09T22:20:59.953Z
322,0.0,53584c3fd910e0720acfd618,['knowngroup'],2014-04-23T23:26:55.264Z,International Organization for Migration,2014-05-09T22:21:00.058Z
323,0.0,53584c3ed910e0720acfd470,['knowngroup'],2014-04-23T23:26:54.873Z,International War Crimes Tribunals,2014-05-09T22:21:00.046Z
324,0.0,53584c3ed910e0720acfd3c7,['knowngroup'],2014-04-23T23:26:54.749Z,Interpol,2014-05-09T22:20:59.953Z
325,0.0,53584c3ed910e0720acfd40d,['ethnicity'],2014-04-23T23:26:54.800Z,Inuit,2014-05-09T22:20:59.851Z
326,0.0,53584c3ed910e0720acfd4f8,['ethnicity'],2014-04-23T23:26:54.990Z,Inupiat,2014-05-09T22:20:59.881Z
327,0.0,53584c3ed910e0720acfd40e,['ethnicity'],2014-04-23T23:26:54.802Z,Iranian,2014-05-09T22:20:59.851Z
328,0.0,53584c3ed910e0720acfd4ee,['ethnicity'],2014-04-23T23:26:54.976Z,Irish,2014-05-09T22:20:59.764Z
329,0.0,53584c3ed910e0720acfd36d,['ethnicity'],2014-04-23T23:26:54.681Z,Iroquois,2014-05-09T22:20:59.757Z
330,0.0,53584c3fd910e0720acfd616,['knowngroup'],2014-04-23T23:26:55.263Z,Islamic Action Front,2014-05-09T22:21:00.034Z
331,0.0,53584c3fd910e0720acfd617,['knowngroup'],2014-04-23T23:26:55.264Z,Islamic Development Bank,2014-05-09T22:21:00.042Z
332,0.0,53584c3fd910e0720acfd54c,['knowngroup'],2014-04-23T23:26:55.065Z,Islamic Salvation Army,2014-05-09T22:21:00.162Z
333,0.0,53584c3ed910e0720acfd469,['knowngroup'],2014-04-23T23:26:54.861Z,Israeli Labor Party,2014-05-09T22:21:00.006Z
334,0.0,53584c3ed910e0720acfd4af,['ethnicity'],2014-04-23T23:26:54.926Z,Itallian,2014-05-09T22:20:59.780Z
335,0.0,53584c3fd910e0720acfd567,['ethnicity'],2014-04-23T23:26:55.095Z,Jain,2014-05-09T22:20:59.672Z
336,0.0,53584c3fd910e0720acfd625,['religion'],2014-04-23T23:26:55.274Z,Jainism,2014-05-09T22:21:00.135Z
337,0.0,53584c3ed910e0720acfd4fa,['ethnicity'],2014-04-23T23:26:54.992Z,Japanese,2014-05-09T22:20:59.882Z
338,0.0,53584c3ed910e0720acfd4f9,['ethnicity'],2014-04-23T23:26:54.991Z,Javanese,2014-05-09T22:20:59.881Z
339,0.0,53584c3fd910e0720acfd55f,['religion'],2014-04-23T23:26:55.089Z,Jehovah's Witness,2014-05-09T22:21:00.255Z
340,0.0,53584c3ed910e0720acfd36e,['ethnicity'],2014-04-23T23:26:54.682Z,Jehovah's Witnesses,2014-05-09T22:20:59.758Z
341,0.0,53584c3ed910e0720acfd40f,['ethnicity'],2014-04-23T23:26:54.802Z,Jewish,2014-05-09T22:20:59.851Z
342,0.0,53584c3ed910e0720acfd4b0,['ethnicity'],2014-04-23T23:26:54.927Z,Jino,2014-05-09T22:20:59.781Z
343,0.0,53584c3fd910e0720acfd568,['ethnicity'],2014-04-23T23:26:55.095Z,Jola,2014-05-09T22:20:59.672Z
344,0.0,53584c3fd910e0720acfd5cd,['religion'],2014-04-23T23:26:55.188Z,Judaism,2014-05-09T22:21:00.266Z
345,0.0,53584c3ed910e0720acfd4fd,['ethnicity'],2014-04-23T23:26:54.994Z,Kabarday,2014-05-09T22:20:59.897Z
346,0.0,53584c3ed910e0720acfd413,['ethnicity'],2014-04-23T23:26:54.806Z,Kabye,2014-05-09T22:20:59.853Z
347,0.0,53584c3ed910e0720acfd36f,['ethnicity'],2014-04-23T23:26:54.683Z,Kabyle,2014-05-09T22:20:59.758Z
348,0.0,53584c3ed910e0720acfd4b1,['ethnicity'],2014-04-23T23:26:54.927Z,Kachin,2014-05-09T22:20:59.782Z
349,0.0,53584c3fd910e0720acfd569,['ethnicity'],2014-04-23T23:26:55.096Z,Kadazan,2014-05-09T22:20:59.676Z
350,0.0,53584c3ed910e0720acfd4fb,['ethnicity'],2014-04-23T23:26:54.993Z,Kakwa-Nubian,2014-05-09T22:20:59.882Z
351,0.0,53584c3ed910e0720acfd411,['ethnicity'],2014-04-23T23:26:54.805Z,Kalaallit,2014-05-09T22:20:59.852Z
352,0.0,53584c3ed910e0720acfd4d9,['ethnicity'],2014-04-23T23:26:54.962Z,Kali'na,2014-05-09T22:20:59.719Z
353,0.0,53584c3ed910e0720acfd374,['ethnicity'],2014-04-23T23:26:54.686Z,Kalmyk,2014-05-09T22:20:59.970Z
354,0.0,53584c3ed910e0720acfd456,['ethnicity'],2014-04-23T23:26:54.848Z,Kalmyk,2014-04-23T23:26:54.848Z
355,0.0,53584c3ed910e0720acfd370,['ethnicity'],2014-04-23T23:26:54.684Z,Kamba,2014-05-09T22:20:59.759Z
356,0.0,53584c3ed910e0720acfd4b2,['ethnicity'],2014-04-23T23:26:54.928Z,Kannada,2014-05-09T22:20:59.782Z
357,0.0,53584c3ed910e0720acfd371,['ethnicity'],2014-04-23T23:26:54.684Z,Kanuri,2014-05-09T22:20:59.899Z
358,0.0,53584c3ed910e0720acfd500,['ethnicity'],2014-04-23T23:26:54.998Z,Kanuri,2014-04-23T23:26:54.998Z
359,0.0,53584c3fd910e0720acfd56a,['ethnicity'],2014-04-23T23:26:55.097Z,Kaonde,2014-05-09T22:20:59.677Z
360,0.0,53584c3fd910e0720acfd522,['ethnicity'],2014-04-23T23:26:55.025Z,Kapampangan,2014-05-09T22:21:00.005Z
361,0.0,53584c3ed910e0720acfd372,['ethnicity'],2014-04-23T23:26:54.685Z,Karachays,2014-05-09T22:20:59.760Z
362,0.0,53584c3ed910e0720acfd410,['ethnicity'],2014-04-23T23:26:54.803Z,Karakalpak,2014-05-09T22:20:59.852Z
363,0.0,53584c3fd910e0720acfd502,['ethnicity'],2014-04-23T23:26:55.000Z,Karamojong,2014-05-09T22:20:59.899Z
364,0.0,53584c3fd910e0720acfd570,['ethnicity'],2014-04-23T23:26:55.100Z,Karelians,2014-05-09T22:20:59.792Z
365,0.0,53584c3ed910e0720acfd4fc,['ethnicity'],2014-04-23T23:26:54.993Z,Karen,2014-05-09T22:20:59.883Z
366,0.0,53584c3ed910e0720acfd412,['ethnicity'],2014-04-23T23:26:54.806Z,Kashmiri,2014-05-09T22:20:59.853Z
367,0.0,53584c3ed910e0720acfd4e0,['ethnicity'],2014-04-23T23:26:54.967Z,Kashubian,2014-05-09T22:20:59.728Z
368,0.0,53584c3ed910e0720acfd4b3,['ethnicity'],2014-04-23T23:26:54.929Z,Kavango,2014-05-09T22:20:59.783Z
369,0.0,53584c3fd910e0720acfd56b,['ethnicity'],2014-04-23T23:26:55.097Z,Kazakhs,2014-05-09T22:20:59.707Z
370,0.0,53584c3ed910e0720acfd4fe,['ethnicity'],2014-04-23T23:26:54.995Z,Khakas,2014-05-09T22:20:59.898Z
371,0.0,53584c3ed910e0720acfd4b4,['ethnicity'],2014-04-23T23:26:54.929Z,Khasi,2014-05-09T22:20:59.783Z
372,0.0,53584c3ed910e0720acfd414,['ethnicity'],2014-04-23T23:26:54.807Z,Khmer,2014-05-09T22:20:59.854Z
373,0.0,53584c3ed910e0720acfd373,['ethnicity'],2014-04-23T23:26:54.685Z,Khmu,2014-05-09T22:20:59.760Z
374,0.0,53584c3fd910e0720acfd56c,['ethnicity'],2014-04-23T23:26:55.098Z,Khoikhoi,2014-05-09T22:20:59.707Z
375,0.0,53584c3ed910e0720acfd4b5,['ethnicity'],2014-04-23T23:26:54.930Z,Kikuyu,2014-05-09T22:20:59.784Z
376,0.0,53584c3fd910e0720acfd56d,['ethnicity'],2014-04-23T23:26:55.099Z,Kinyarwanda Speakers,2014-05-09T22:20:59.708Z
377,0.0,53584c3ed910e0720acfd403,['ethnicity'],2014-04-23T23:26:54.794Z,Kiribati,2014-05-09T22:20:59.810Z
378,0.0,53584c3ed910e0720acfd415,['ethnicity'],2014-04-23T23:26:54.807Z,Kisii,2014-05-09T22:20:59.854Z
379,0.0,53584c3ed910e0720acfd416,['ethnicity'],2014-04-23T23:26:54.808Z,Kokani,2014-05-09T22:20:59.855Z
380,0.0,53584c3ed910e0720acfd375,['ethnicity'],2014-04-23T23:26:54.687Z,Komi,2014-05-09T22:20:59.761Z
381,0.0,53584c3ed910e0720acfd4b7,['ethnicity'],2014-04-23T23:26:54.931Z,Kongo,2014-05-09T22:20:59.785Z
382,0.0,53584c3fd910e0720acfd56e,['ethnicity'],2014-04-23T23:26:55.099Z,Kono,2014-05-09T22:20:59.709Z
383,0.0,53584c3fd910e0720acfd56f,['ethnicity'],2014-04-23T23:26:55.100Z,Korean,2014-05-09T22:20:59.709Z
384,0.0,53584c3ed910e0720acfd501,['ethnicity'],2014-04-23T23:26:54.999Z,Kosraean,2014-05-09T22:20:59.899Z
385,0.0,53584c3ed910e0720acfd417,['ethnicity'],2014-04-23T23:26:54.808Z,Kouyou,2014-05-09T22:20:59.855Z
386,0.0,53584c3ed910e0720acfd376,['ethnicity'],2014-04-23T23:26:54.688Z,Kpelle,2014-05-09T22:20:59.762Z
387,0.0,53584c3ed910e0720acfd4b8,['ethnicity'],2014-04-23T23:26:54.932Z,Krahn,2014-05-09T22:20:59.785Z
388,0.0,53584c3ed910e0720acfd418,['ethnicity'],2014-04-23T23:26:54.809Z,Kru,2014-05-09T22:20:59.856Z
389,0.0,53584c3ed910e0720acfd378,['ethnicity'],2014-04-23T23:26:54.690Z,Ktunaxa,2014-05-09T22:20:59.762Z
390,0.0,53584c3fd910e0720acfd571,['ethnicity'],2014-04-23T23:26:55.101Z,Kumyks,2014-05-09T22:20:59.793Z
391,0.0,53584c3ed910e0720acfd419,['ethnicity'],2014-04-23T23:26:54.809Z,Kurd,2014-05-09T22:20:59.856Z
392,0.0,53584c3fd910e0720acfd503,['ethnicity'],2014-04-23T23:26:55.000Z,Kurd,2014-04-23T23:26:55.000Z
393,0.0,53584c3fd910e0720acfd5c1,['knowngroup'],2014-04-23T23:26:55.172Z,Kurdish Democratic Party (KDP),2014-05-09T22:21:00.262Z
394,0.0,53584c3ed910e0720acfd3ec,['ethnicity'],2014-04-23T23:26:54.781Z,Kurichiya,2014-05-09T22:20:59.670Z
395,0.0,53584c3ed910e0720acfd377,['ethnicity'],2014-04-23T23:26:54.689Z,Kurukh,2014-05-09T22:20:59.762Z
396,0.0,53584c3ed910e0720acfd4b9,['ethnicity'],2014-04-23T23:26:54.932Z,Kwanyama,2014-05-09T22:20:59.786Z
397,0.0,53584c3ed910e0720acfd4ff,['ethnicity'],2014-04-23T23:26:54.996Z,Kyrgyz,2014-05-09T22:20:59.898Z
398,0.0,53584c3fd910e0720acfd574,['ethnicity'],2014-04-23T23:26:55.104Z,Lahu,2014-05-09T22:20:59.795Z
399,0.0,53584c3fd910e0720acfd572,['ethnicity'],2014-04-23T23:26:55.102Z,Lak (Russia),2014-05-09T22:20:59.793Z
400,0.0,53584c3fd910e0720acfd504,['ethnicity'],2014-04-23T23:26:55.001Z,Lamba,2014-05-09T22:20:59.928Z
401,0.0,53584c3ed910e0720acfd41a,['ethnicity'],2014-04-23T23:26:54.810Z,Lao,2014-05-09T22:20:59.857Z
402,0.0,53584c3ed910e0720acfd379,['ethnicity'],2014-04-23T23:26:54.691Z,Lari,2014-05-09T22:20:59.763Z
403,0.0,53584c3fd910e0720acfd508,['ethnicity'],2014-04-23T23:26:55.004Z,Latinos,2014-05-09T22:20:59.956Z
404,0.0,53584c3fd910e0720acfd576,['ethnicity'],2014-04-23T23:26:55.106Z,Latoka,2014-05-09T22:20:59.796Z
405,4.0,53584c3ed910e0720acfd475,['religion'],2014-04-23T23:26:54.877Z,Latter Day Saints,2014-05-09T22:20:59.928Z
406,0.0,53584c3fd910e0720acfd505,['ethnicity'],2014-04-23T23:26:55.002Z,Latter Day Saints,2014-04-23T23:26:55.002Z
407,0.0,53584c3ed910e0720acfd4bb,['ethnicity'],2014-04-23T23:26:54.934Z,Latvian,2014-05-09T22:20:59.787Z
408,0.0,53584c3ed910e0720acfd325,['ethnicity'],2014-04-23T23:26:54.578Z,Lenape,2014-05-09T22:20:59.654Z
409,0.0,53584c3ed910e0720acfd41b,['ethnicity'],2014-04-23T23:26:54.810Z,Lenca,2014-05-09T22:20:59.857Z
410,0.0,53584c3ed910e0720acfd37a,['ethnicity'],2014-04-23T23:26:54.693Z,Lezgian,2014-05-09T22:20:59.764Z
411,0.0,53584c3fd910e0720acfd506,['ethnicity'],2014-04-23T23:26:55.003Z,Li,2014-05-09T22:20:59.929Z
412,0.0,53584c3ed910e0720acfd3c8,['knowngroup'],2014-04-23T23:26:54.750Z,Likud Party,2014-05-09T22:20:59.954Z
413,0.0,53584c3fd910e0720acfd573,['ethnicity'],2014-04-23T23:26:55.104Z,Limba,2014-05-09T22:20:59.795Z
414,0.0,53584c3ed910e0720acfd41c,['ethnicity'],2014-04-23T23:26:54.814Z,Limburgian,2014-05-09T22:20:59.858Z
415,0.0,53584c3ed910e0720acfd37b,['ethnicity'],2014-04-23T23:26:54.697Z,Lingala,2014-05-09T22:20:59.900Z
416,0.0,53584c3ed910e0720acfd4be,['ethnicity'],2014-04-23T23:26:54.936Z,Lisu,2014-05-09T22:20:59.789Z
417,0.0,53584c3ed910e0720acfd4bd,['ethnicity'],2014-04-23T23:26:54.935Z,Lithuanian,2014-05-09T22:20:59.788Z
418,0.0,53584c3fd910e0720acfd507,['ethnicity'],2014-04-23T23:26:55.003Z,Lomwe,2014-05-09T22:20:59.952Z
419,0.0,53584c3ed910e0720acfd41d,['ethnicity'],2014-04-23T23:26:54.814Z,Lovale,2014-05-09T22:20:59.858Z
420,0.0,53584c3ed910e0720acfd35a,['ethnicity'],2014-04-23T23:26:54.668Z,Lower Sorbian,2014-05-09T22:20:59.746Z
421,0.0,53584c3ed910e0720acfd37c,['ethnicity'],2014-04-23T23:26:54.698Z,Lozi,2014-05-09T22:20:59.900Z
422,0.0,53584c3ed910e0720acfd37d,['ethnicity'],2014-04-23T23:26:54.698Z,Luba-Kasai,2014-05-09T22:20:59.901Z
423,0.0,53584c3ed910e0720acfd4bf,['ethnicity'],2014-04-23T23:26:54.937Z,Luba-Katanga,2014-05-09T22:20:59.790Z
424,0.0,53584c3ed910e0720acfd4bc,['ethnicity'],2014-04-23T23:26:54.934Z,Lugbara,2014-05-09T22:20:59.787Z
425,0.0,53584c3fd910e0720acfd509,['ethnicity'],2014-04-23T23:26:55.004Z,Luhya,2014-05-09T22:20:59.956Z
426,0.0,53584c3ed910e0720acfd41f,['ethnicity'],2014-04-23T23:26:54.815Z,Luiseno,2014-05-09T22:20:59.859Z
427,0.0,53584c3ed910e0720acfd37e,['ethnicity'],2014-04-23T23:26:54.698Z,Lulua,2014-05-09T22:20:59.901Z
428,0.0,53584c3ed910e0720acfd428,['ethnicity'],2014-04-23T23:26:54.819Z,Lumad,2014-05-09T22:20:59.864Z
429,0.0,53584c3ed910e0720acfd4c0,['ethnicity'],2014-04-23T23:26:54.937Z,Lunda,2014-05-09T22:20:59.790Z
430,0.0,53584c3fd910e0720acfd578,['ethnicity'],2014-04-23T23:26:55.108Z,Luo,2014-05-09T22:20:59.797Z
431,0.0,53584c3fd910e0720acfd50a,['ethnicity'],2014-04-23T23:26:55.005Z,Lusei,2014-05-09T22:20:59.957Z
432,0.0,53584c3ed910e0720acfd41e,['ethnicity'],2014-04-23T23:26:54.815Z,Luxembourgers,2014-05-09T22:20:59.859Z
433,0.0,53584c3ed910e0720acfd423,['ethnicity'],2014-04-23T23:26:54.817Z,M'Baka,2014-05-09T22:20:59.861Z
434,0.0,53584c3ed910e0720acfd381,['ethnicity'],2014-04-23T23:26:54.700Z,Maasai,2014-05-09T22:20:59.902Z
435,0.0,53584c3ed910e0720acfd420,['ethnicity'],2014-04-23T23:26:54.816Z,Macedonian,2014-05-09T22:20:59.860Z
436,0.0,53584c3fd910e0720acfd50e,['ethnicity'],2014-04-23T23:26:55.008Z,Madhesi,2014-05-09T22:20:59.966Z
437,0.0,53584c3ed910e0720acfd424,['ethnicity'],2014-04-23T23:26:54.818Z,Madi,2014-05-09T22:20:59.862Z
438,0.0,53584c3ed910e0720acfd37f,['ethnicity'],2014-04-23T23:26:54.699Z,Madurese,2014-05-09T22:20:59.901Z
439,0.0,53584c3fd910e0720acfd5d1,['ethnicity'],2014-04-23T23:26:55.191Z,Mafwe,2014-05-09T22:20:59.791Z
440,0.0,53584c3fd910e0720acfd579,['ethnicity'],2014-04-23T23:26:55.109Z,Magahi,2014-05-09T22:20:59.798Z
441,0.0,53584c3ed910e0720acfd421,['ethnicity'],2014-04-23T23:26:54.816Z,Maithili,2014-05-09T22:20:59.860Z
442,0.0,53584c3ed910e0720acfd380,['ethnicity'],2014-04-23T23:26:54.700Z,Makassarese,2014-05-09T22:20:59.901Z
443,0.0,53584c3ed910e0720acfd429,['ethnicity'],2014-04-23T23:26:54.820Z,Makonde,2014-05-09T22:20:59.865Z
444,0.0,53584c3ed910e0720acfd426,['ethnicity'],2014-04-23T23:26:54.818Z,Malagasy,2014-05-09T22:20:59.863Z
445,0.0,53584c3fd910e0720acfd5d2,['ethnicity'],2014-04-23T23:26:55.201Z,Malayalam,2014-05-09T22:20:59.792Z
446,0.0,53584c3fd910e0720acfd5d3,['ethnicity'],2014-04-23T23:26:55.203Z,Malays,2014-05-09T22:20:59.792Z
447,0.0,53584c3ed910e0720acfd49a,['ethnicity'],2014-04-23T23:26:54.914Z,Maldivian,2014-05-09T22:20:59.719Z
448,0.0,53584c3fd910e0720acfd5d7,['ethnicity'],2014-04-23T23:26:55.206Z,Maltese,2014-05-09T22:20:59.825Z
449,0.0,53584c3ed910e0720acfd427,['ethnicity'],2014-04-23T23:26:54.819Z,Mananja-Nayanja,2014-05-09T22:20:59.864Z
450,0.0,53584c3fd910e0720acfd57f,['ethnicity'],2014-04-23T23:26:55.116Z,Manchu,2014-05-09T22:20:59.804Z
451,0.0,53584c3ed910e0720acfd383,['ethnicity'],2014-04-23T23:26:54.701Z,Mandar,2014-05-09T22:20:59.902Z
452,0.0,53584c3fd910e0720acfd511,['ethnicity'],2014-04-23T23:26:55.011Z,Mande,2014-05-09T22:20:59.972Z
453,0.0,53584c3fd910e0720acfd57a,['ethnicity'],2014-04-23T23:26:55.109Z,Mandinka,2014-05-09T22:20:59.798Z
454,0.0,53584c3fd910e0720acfd5d8,['ethnicity'],2014-04-23T23:26:55.206Z,Manipuri,2014-05-09T22:20:59.825Z
455,0.0,53584c3fd910e0720acfd580,['ethnicity'],2014-04-23T23:26:55.117Z,Manjack,2014-05-09T22:20:59.804Z
456,0.0,53584c3fd910e0720acfd512,['ethnicity'],2014-04-23T23:26:55.011Z,Mano,2014-05-09T22:20:59.973Z
457,0.0,53584c3ed910e0720acfd363,['ethnicity'],2014-04-23T23:26:54.671Z,Manx,2014-05-09T22:20:59.752Z
458,0.0,53584c3fd910e0720acfd5d9,['ethnicity'],2014-04-23T23:26:55.207Z,Manyika,2014-05-09T22:20:59.826Z
459,0.0,53584c3ed910e0720acfd388,['ethnicity'],2014-04-23T23:26:54.705Z,Maonan,2014-05-09T22:20:59.904Z
460,0.0,53584c3fd910e0720acfd50c,['ethnicity'],2014-04-23T23:26:55.007Z,Maori,2014-05-09T22:20:59.964Z
461,0.0,53584c3ed910e0720acfd33e,['ethnicity'],2014-04-23T23:26:54.642Z,Mapuche,2014-05-09T22:20:59.698Z
462,0.0,53584c3ed910e0720acfd422,['ethnicity'],2014-04-23T23:26:54.817Z,Marathi,2014-05-09T22:20:59.861Z
463,0.0,53584c3ed910e0720acfd4db,['ethnicity'],2014-04-23T23:26:54.963Z,Mari,2014-05-09T22:20:59.976Z
464,0.0,53584c3fd910e0720acfd514,['ethnicity'],2014-04-23T23:26:55.012Z,Mari,2014-04-23T23:26:55.013Z
465,0.0,53584c3fd910e0720acfd626,['religion'],2014-04-23T23:26:55.275Z,Maronite,2014-05-09T22:21:00.136Z
466,0.0,53584c3ed910e0720acfd42a,['ethnicity'],2014-04-23T23:26:54.820Z,Maronites,2014-05-09T22:20:59.865Z
467,0.0,53584c3fd910e0720acfd50b,['ethnicity'],2014-04-23T23:26:55.006Z,Marshallese,2014-05-09T22:20:59.961Z
468,0.0,53584c3ed910e0720acfd42c,['ethnicity'],2014-04-23T23:26:54.821Z,Marwaris,2014-05-09T22:20:59.866Z
469,0.0,53584c3fd910e0720acfd585,['ethnicity'],2014-04-23T23:26:55.121Z,Maya,2014-05-09T22:20:59.818Z
470,0.0,53584c3ed910e0720acfd38b,['ethnicity'],2014-04-23T23:26:54.708Z,Mayangnas,2014-05-09T22:20:59.905Z
471,0.0,53584c3fd910e0720acfd57b,['ethnicity'],2014-04-23T23:26:55.111Z,Mbandja,2014-05-09T22:20:59.799Z
472,0.0,53584c3fd910e0720acfd50d,['ethnicity'],2014-04-23T23:26:55.007Z,Mbere,2014-05-09T22:20:59.966Z
473,0.0,53584c3ed910e0720acfd382,['ethnicity'],2014-04-23T23:26:54.700Z,Mbochi,2014-05-09T22:20:59.902Z
474,0.0,53584c3fd910e0720acfd5d4,['ethnicity'],2014-04-23T23:26:55.203Z,Mbundu-Mestico,2014-05-09T22:20:59.823Z
475,0.0,53584c3fd910e0720acfd554,['knowngroup'],2014-04-23T23:26:55.078Z,Medecins Sans Frontieres (Doctors Without Borders),2014-05-09T22:21:00.165Z
476,0.0,53584c3fd910e0720acfd5d5,['ethnicity'],2014-04-23T23:26:55.204Z,Mende,2014-05-09T22:20:59.824Z
477,0.0,53584c3fd910e0720acfd5c2,['knowngroup'],2014-04-23T23:26:55.174Z,Meretz Party,2014-05-09T22:21:00.262Z
478,0.0,53584c3ed910e0720acfd42b,['ethnicity'],2014-04-23T23:26:54.820Z,Mestizo,2014-05-09T22:20:59.866Z
479,0.0,53584c3fd910e0720acfd50f,['ethnicity'],2014-04-23T23:26:55.009Z,Mi'kmaq,2014-05-09T22:20:59.972Z
480,0.0,53584c3fd910e0720acfd57d,['ethnicity'],2014-04-23T23:26:55.113Z,Miao,2014-05-09T22:20:59.800Z
481,0.0,53584c3ed910e0720acfd425,['ethnicity'],2014-04-23T23:26:54.818Z,Mijikenda,2014-05-09T22:20:59.863Z
482,0.0,53584c3ed910e0720acfd386,['ethnicity'],2014-04-23T23:26:54.703Z,Minahasa,2014-05-09T22:20:59.903Z
483,0.0,53584c3ed910e0720acfd384,['ethnicity'],2014-04-23T23:26:54.701Z,Minangkabau,2014-05-09T22:20:59.903Z
484,0.0,53584c3fd910e0720acfd516,['ethnicity'],2014-04-23T23:26:55.013Z,Mirandese,2014-05-09T22:20:59.978Z
485,0.0,53584c3fd910e0720acfd5db,['ethnicity'],2014-04-23T23:26:55.208Z,Miskito,2014-05-09T22:20:59.827Z
486,0.0,53584c3fd910e0720acfd5d6,['ethnicity'],2014-04-23T23:26:55.204Z,Mizo,2014-05-09T22:20:59.824Z
487,0.0,53584c3fd910e0720acfd581,['ethnicity'],2014-04-23T23:26:55.118Z,Mohajirs,2014-05-09T22:20:59.805Z
488,0.0,53584c3fd910e0720acfd513,['ethnicity'],2014-04-23T23:26:55.012Z,Mohawk,2014-05-09T22:20:59.975Z
489,0.0,53584c3fd910e0720acfd57c,['ethnicity'],2014-04-23T23:26:55.112Z,Mokshas,2014-05-09T22:20:59.800Z
490,0.0,53584c3fd910e0720acfd510,['ethnicity'],2014-04-23T23:26:55.010Z,Mole-Dagbani,2014-05-09T22:20:59.972Z
491,0.0,53584c3ed910e0720acfd387,['ethnicity'],2014-04-23T23:26:54.703Z,Mon,2014-05-09T22:20:59.903Z
492,0.0,53584c3ed910e0720acfd3bd,['knowngroup'],2014-04-23T23:26:54.735Z,Monetary and Economic Community of Central Africa,2014-05-09T22:20:59.923Z
493,0.0,53584c3fd910e0720acfd575,['ethnicity'],2014-04-23T23:26:55.105Z,Mongo,2014-05-09T22:20:59.796Z
494,0.0,53584c3fd910e0720acfd5da,['ethnicity'],2014-04-23T23:26:55.208Z,Mongol,2014-05-09T22:20:59.826Z
495,0.0,53584c3ed910e0720acfd3af,['ethnicity'],2014-04-23T23:26:54.726Z,Mongour,2014-05-09T22:20:59.918Z
496,0.0,53584c3fd910e0720acfd515,['ethnicity'],2014-04-23T23:26:55.013Z,Montenegrins,2014-05-09T22:20:59.978Z
497,0.0,53584c3fd910e0720acfd517,['ethnicity'],2014-04-23T23:26:55.015Z,Mordvins,2014-05-09T22:20:59.983Z
498,0.0,53584c3ed910e0720acfd389,['ethnicity'],2014-04-23T23:26:54.705Z,Moro,2014-05-09T22:20:59.904Z
499,0.0,53584c3fd910e0720acfd582,['ethnicity'],2014-04-23T23:26:55.119Z,Mossi,2014-05-09T22:20:59.816Z
500,0.0,53584c3ed910e0720acfd46a,['knowngroup'],2014-04-23T23:26:54.861Z,Movement of the Society for Peace,2014-05-09T22:21:00.006Z
501,0.0,53584c3ed910e0720acfd385,['ethnicity'],2014-04-23T23:26:54.703Z,Mulao,2014-05-09T22:20:59.903Z
502,0.0,53584c3fd910e0720acfd57e,['ethnicity'],2014-04-23T23:26:55.116Z,Mulatto,2014-05-09T22:20:59.800Z
503,0.0,53584c3ed910e0720acfd38a,['ethnicity'],2014-04-23T23:26:54.706Z,Munda,2014-05-09T22:20:59.904Z
504,0.0,53584c3fd910e0720acfd5dc,['ethnicity'],2014-04-23T23:26:55.209Z,Muong,2014-05-09T22:20:59.829Z
505,0.0,53584c3fd910e0720acfd584,['ethnicity'],2014-04-23T23:26:55.120Z,Muscogee,2014-05-09T22:20:59.818Z
506,4.0,53584c3ed910e0720acfd3d4,['religion'],2014-04-23T23:26:54.761Z,Muslim,2014-05-09T22:20:59.959Z
507,0.0,53584c3fd910e0720acfd583,['ethnicity'],2014-04-23T23:26:55.120Z,Muslim,2014-04-23T23:26:55.120Z
508,0.0,53584c3fd910e0720acfd61a,['knowngroup'],2014-04-23T23:26:55.265Z,Muslim Brotherhood,2014-05-09T22:21:00.091Z
509,0.0,53584c3fd910e0720acfd5dd,['ethnicity'],2014-04-23T23:26:55.209Z,Myene,2014-05-09T22:20:59.830Z
510,0.0,53584c3ed910e0720acfd42d,['ethnicity'],2014-04-23T23:26:54.821Z,Naga,2014-05-09T22:20:59.866Z
511,0.0,53584c3ed910e0720acfd38c,['ethnicity'],2014-04-23T23:26:54.709Z,Nahua,2014-05-09T22:20:59.905Z
512,0.0,53584c3fd910e0720acfd5df,['ethnicity'],2014-04-23T23:26:55.211Z,Nakhi,2014-05-09T22:20:59.831Z
513,0.0,53584c3fd910e0720acfd586,['ethnicity'],2014-04-23T23:26:55.122Z,Nama,2014-05-09T22:20:59.819Z
514,0.0,53584c3ed910e0720acfd462,['knowngroup'],2014-04-23T23:26:54.855Z,National Liberation Front (FLN),2014-05-09T22:21:00.002Z
515,0.0,53584c3fd910e0720acfd5de,['ethnicity'],2014-04-23T23:26:55.210Z,Native American,2014-05-09T22:20:59.830Z
516,0.0,53584c3ed910e0720acfd42e,['ethnicity'],2014-04-23T23:26:54.822Z,Nauruan,2014-05-09T22:20:59.867Z
517,0.0,53584c3ed910e0720acfd38d,['ethnicity'],2014-04-23T23:26:54.710Z,Navajo,2014-05-09T22:20:59.905Z
518,0.0,53584c3fd910e0720acfd5e0,['ethnicity'],2014-04-23T23:26:55.211Z,Ndonga,2014-05-09T22:20:59.832Z
519,0.0,53584c3fd910e0720acfd518,['ethnicity'],2014-04-23T23:26:55.016Z,Neapolitan,2014-05-09T22:20:59.983Z
520,0.0,53584c3fd910e0720acfd588,['ethnicity'],2014-04-23T23:26:55.124Z,Nepali,2014-05-09T22:20:59.820Z
521,0.0,53584c3fd910e0720acfd61b,['knowngroup'],2014-04-23T23:26:55.266Z,New Economic Partnership for Africa?s Development,2014-05-09T22:21:00.099Z
522,0.0,53584c3fd910e0720acfd5ce,['religion'],2014-04-23T23:26:55.189Z,New Religious Movement,2014-05-09T22:21:00.267Z
523,0.0,53584c3ed910e0720acfd434,['ethnicity'],2014-04-23T23:26:54.824Z,New Zealanders,2014-05-09T22:20:59.870Z
524,0.0,53584c3ed910e0720acfd430,['ethnicity'],2014-04-23T23:26:54.823Z,Newars,2014-05-09T22:20:59.868Z
525,0.0,53584c3ed910e0720acfd3fc,['ethnicity'],2014-04-23T23:26:54.790Z,Ngalop,2014-05-09T22:20:59.807Z
526,0.0,53584c3ed910e0720acfd38f,['ethnicity'],2014-04-23T23:26:54.711Z,Ngbandi,2014-05-09T22:20:59.906Z
527,0.0,53584c3fd910e0720acfd5e1,['ethnicity'],2014-04-23T23:26:55.212Z,Ngoni,2014-05-09T22:20:59.832Z
528,0.0,53584c3ed910e0720acfd431,['ethnicity'],2014-04-23T23:26:54.823Z,Niari,2014-05-09T22:20:59.869Z
529,0.0,53584c3fd910e0720acfd589,['ethnicity'],2014-04-23T23:26:55.125Z,Niasans,2014-05-09T22:20:59.821Z
530,0.0,53584c3fd910e0720acfd51b,['ethnicity'],2014-04-23T23:26:55.020Z,Nibolek,2014-05-09T22:20:59.985Z
531,0.0,53584c3ed910e0720acfd42f,['ethnicity'],2014-04-23T23:26:54.822Z,Nicaraguan,2014-05-09T22:20:59.868Z
532,0.0,53584c3ed910e0720acfd390,['ethnicity'],2014-04-23T23:26:54.711Z,Niuean,2014-05-09T22:20:59.906Z
533,0.0,53584c3fd910e0720acfd5e2,['ethnicity'],2014-04-23T23:26:55.212Z,Nkomi,2014-05-09T22:20:59.836Z
534,0.0,53584c3fd910e0720acfd51c,['ethnicity'],2014-04-23T23:26:55.021Z,Nogais,2014-05-09T22:20:59.985Z
535,0.0,53584c3ed910e0720acfd3c9,['knowngroup'],2014-04-23T23:26:54.751Z,North Atlantic Treaty Organization (NATO),2014-05-09T22:20:59.954Z
536,0.0,53584c3ed910e0720acfd4b6,['ethnicity'],2014-04-23T23:26:54.931Z,North Mbundu,2014-05-09T22:20:59.784Z
537,0.0,53584c3ed910e0720acfd38e,['ethnicity'],2014-04-23T23:26:54.710Z,Northern Ndebele,2014-05-09T22:20:59.906Z
538,0.0,53584c3ed910e0720acfd391,['ethnicity'],2014-04-23T23:26:54.711Z,Northern Sotho,2014-05-09T22:20:59.907Z
539,0.0,53584c3ed910e0720acfd432,['ethnicity'],2014-04-23T23:26:54.823Z,Norwegians,2014-05-09T22:20:59.869Z
540,0.0,53584c3fd910e0720acfd51d,['ethnicity'],2014-04-23T23:26:55.022Z,Nu,2014-05-09T22:20:59.986Z
541,0.0,53584c3fd910e0720acfd587,['ethnicity'],2014-04-23T23:26:55.123Z,Nuba,2014-05-09T22:20:59.819Z
542,0.0,53584c3fd910e0720acfd5e3,['ethnicity'],2014-04-23T23:26:55.213Z,Nubian,2014-05-09T22:20:59.839Z
543,0.0,53584c3fd910e0720acfd51a,['ethnicity'],2014-04-23T23:26:55.018Z,Nuer,2014-05-09T22:20:59.984Z
544,0.0,53584c3fd910e0720acfd58a,['ethnicity'],2014-04-23T23:26:55.126Z,Nung,2014-05-09T22:20:59.821Z
545,0.0,53584c3fd910e0720acfd58b,['ethnicity'],2014-04-23T23:26:55.128Z,Nuristani,2014-05-09T22:20:59.821Z
546,0.0,53584c3ed910e0720acfd392,['ethnicity'],2014-04-23T23:26:54.712Z,Nyakyusa,2014-05-09T22:20:59.907Z
547,0.0,53584c3fd910e0720acfd5e4,['ethnicity'],2014-04-23T23:26:55.217Z,Nyamwezi,2014-05-09T22:20:59.840Z
548,0.0,53584c3fd910e0720acfd51e,['ethnicity'],2014-04-23T23:26:55.022Z,Nyoro,2014-05-09T22:20:59.987Z
549,0.0,53584c3ed910e0720acfd393,['ethnicity'],2014-04-23T23:26:54.712Z,Nzema,2014-05-09T22:20:59.908Z
550,0.0,53584c3fd910e0720acfd5e5,['ethnicity'],2014-04-23T23:26:55.219Z,Occitanians,2014-05-09T22:20:59.843Z
551,0.0,53584c3ed910e0720acfd46d,['knowngroup'],2014-04-23T23:26:54.864Z,Occupied Palestinian Territories,2014-05-09T22:21:00.024Z
552,0.0,53584c3fd910e0720acfd58d,['ethnicity'],2014-04-23T23:26:55.129Z,Ogoni,2014-05-09T22:20:59.823Z
553,0.0,53584c3fd910e0720acfd51f,['ethnicity'],2014-04-23T23:26:55.023Z,Ojibwe,2014-05-09T22:20:59.997Z
554,0.0,53584c3ed910e0720acfd394,['ethnicity'],2014-04-23T23:26:54.712Z,Okinawan,2014-05-09T22:20:59.908Z
555,0.0,53584c3fd910e0720acfd5cf,['religion'],2014-04-23T23:26:55.190Z,Old Shinto School,2014-05-09T22:21:00.267Z
556,0.0,53584c3fd910e0720acfd60d,['knowngroup'],2014-04-23T23:26:55.256Z,Org. of Arab Petroleum Exporting Countries (OAPEC),2014-05-09T22:21:00.026Z
557,0.0,53584c3ed910e0720acfd46b,['knowngroup'],2014-04-23T23:26:54.862Z,Organization of African Unity (OAU),2014-05-09T22:21:00.007Z
558,0.0,53584c3fd910e0720acfd555,['knowngroup'],2014-04-23T23:26:55.079Z,Organization of American States,2014-05-09T22:21:00.170Z
559,0.0,53584c3ed910e0720acfd3ca,['knowngroup'],2014-04-23T23:26:54.756Z,Organization of Islamic Conferences (OIC),2014-05-09T22:20:59.954Z
560,0.0,53584c3fd910e0720acfd5c3,['knowngroup'],2014-04-23T23:26:55.178Z,Organization of Non-Aligned Countries,2014-05-09T22:21:00.262Z
561,0.0,53584c3fd910e0720acfd61c,['knowngroup'],2014-04-23T23:26:55.267Z,Organization of Petroleum Exporting Countries (OPEC),2014-05-09T22:21:00.132Z
562,0.0,53584c3fd910e0720acfd520,['ethnicity'],2014-04-23T23:26:55.024Z,Orgunu,2014-05-09T22:21:00.000Z
563,0.0,53584c3fd910e0720acfd5e6,['ethnicity'],2014-04-23T23:26:55.219Z,Oriya,2014-05-09T22:20:59.843Z
564,0.0,53584c3fd910e0720acfd58e,['ethnicity'],2014-04-23T23:26:55.130Z,Oromo,2014-05-09T22:20:59.900Z
565,0.0,53584c3fd910e0720acfd624,['religion'],2014-04-23T23:26:55.274Z,Orthodox,2014-05-09T22:21:00.135Z
566,0.0,53584c3ed910e0720acfd496,['ethnicity'],2014-04-23T23:26:54.912Z,Orthodox Christian,2014-05-09T22:20:59.676Z
567,0.0,53584c3ed910e0720acfd435,['ethnicity'],2014-04-23T23:26:54.825Z,Orthodox/Ultra-Orthodox Jew,2014-05-09T22:20:59.871Z
568,0.0,53584c3ed910e0720acfd436,['ethnicity'],2014-04-23T23:26:54.825Z,Osage,2014-05-09T22:20:59.871Z
569,0.0,53584c3ed910e0720acfd395,['ethnicity'],2014-04-23T23:26:54.713Z,Ossetians,2014-05-09T22:20:59.908Z
570,0.0,53584c3fd910e0720acfd5e7,['ethnicity'],2014-04-23T23:26:55.221Z,Otomi,2014-05-09T22:20:59.844Z
571,0.0,53584c3fd910e0720acfd58f,['ethnicity'],2014-04-23T23:26:55.131Z,Ovambo,2014-05-09T22:20:59.926Z
572,0.0,53584c3ed910e0720acfd3d0,['knowngroup'],2014-04-23T23:26:54.759Z,Oxfam,2014-05-09T22:20:59.957Z
573,0.0,53584c3ed910e0720acfd437,['ethnicity'],2014-04-23T23:26:54.825Z,Pacific Islanders,2014-05-09T22:20:59.872Z
574,0.0,53584c3fd910e0720acfd560,['religion'],2014-04-23T23:26:55.090Z,Pagan,2014-05-09T22:21:00.255Z
575,0.0,53584c3fd910e0720acfd5ed,['ethnicity'],2014-04-23T23:26:55.227Z,Pahari Rajput,2014-05-09T22:20:59.847Z
576,0.0,53584c3fd910e0720acfd591,['ethnicity'],2014-04-23T23:26:55.133Z,Palauan,2014-05-09T22:20:59.928Z
577,0.0,53584c3ed910e0720acfd46c,['knowngroup'],2014-04-23T23:26:54.863Z,Palestine Liberation Front,2014-05-09T22:21:00.024Z
578,0.0,53584c3ed910e0720acfd3cb,['knowngroup'],2014-04-23T23:26:54.756Z,Palestine Liberation Organization,2014-05-09T22:20:59.954Z
579,0.0,53584c3fd910e0720acfd590,['ethnicity'],2014-04-23T23:26:55.132Z,Palestinian,2014-05-09T22:20:59.927Z
580,0.0,53584c3fd910e0720acfd5e8,['ethnicity'],2014-04-23T23:26:55.222Z,Palestinian,2014-04-23T23:26:55.222Z
581,0.0,53584c3ed910e0720acfd468,['knowngroup'],2014-04-23T23:26:54.859Z,Palestinian Islamic Jihad,2014-05-09T22:21:00.004Z
582,0.0,53584c3fd910e0720acfd5c4,['knowngroup'],2014-04-23T23:26:55.179Z,Pan-African Parliament,2014-05-09T22:21:00.263Z
583,0.0,53584c3fd910e0720acfd5ea,['ethnicity'],2014-04-23T23:26:55.223Z,Panamanians,2014-05-09T22:20:59.846Z
584,0.0,53584c3ed910e0720acfd396,['ethnicity'],2014-04-23T23:26:54.713Z,Pangasinan,2014-05-09T22:20:59.909Z
585,0.0,53584c3fd910e0720acfd5eb,['ethnicity'],2014-04-23T23:26:55.226Z,Papel,2014-05-09T22:20:59.847Z
586,0.0,53584c3ed910e0720acfd397,['ethnicity'],2014-04-23T23:26:54.716Z,Papiamento-Creole,2014-05-09T22:20:59.909Z
587,0.0,53584c3fd910e0720acfd521,['ethnicity'],2014-04-23T23:26:55.024Z,Papuan,2014-05-09T22:21:00.004Z
588,0.0,53584c3fd910e0720acfd5e9,['ethnicity'],2014-04-23T23:26:55.222Z,Paraguayan,2014-05-09T22:20:59.845Z
589,0.0,53584c3fd910e0720acfd557,['knowngroup'],2014-04-23T23:26:55.081Z,Paris Club,2014-05-09T22:21:00.201Z
590,0.0,53584c3ed910e0720acfd43b,['ethnicity'],2014-04-23T23:26:54.827Z,Pashayi,2014-05-09T22:20:59.879Z
591,0.0,53584c3fd910e0720acfd5ec,['ethnicity'],2014-04-23T23:26:55.227Z,Pashtun,2014-05-09T22:20:59.847Z
592,0.0,53584c3ed910e0720acfd43a,['ethnicity'],2014-04-23T23:26:54.827Z,Pehnpeian,2014-05-09T22:20:59.874Z
593,0.0,53584c3fd910e0720acfd556,['knowngroup'],2014-04-23T23:26:55.080Z,People's Front for the Liberation of Palestine (PFLP),2014-05-09T22:21:00.171Z
594,0.0,53584c3fd910e0720acfd5c5,['knowngroup'],2014-04-23T23:26:55.179Z,People's Mujahedeen,2014-05-09T22:21:00.263Z
595,0.0,53584c3fd910e0720acfd523,['ethnicity'],2014-04-23T23:26:55.026Z,Persian,2014-05-09T22:21:00.009Z
596,0.0,53584c3fd910e0720acfd525,['ethnicity'],2014-04-23T23:26:55.028Z,Peruvian,2014-05-09T22:21:00.035Z
597,0.0,53584c3fd910e0720acfd592,['ethnicity'],2014-04-23T23:26:55.134Z,Poles,2014-05-09T22:20:59.951Z
598,0.0,53584c3fd910e0720acfd61d,['knowngroup'],2014-04-23T23:26:55.268Z,Polisario Guerillas,2014-05-09T22:21:00.133Z
599,0.0,53584c3fd910e0720acfd524,['ethnicity'],2014-04-23T23:26:55.027Z,Pomaks,2014-05-09T22:21:00.025Z
600,0.0,53584c3ed910e0720acfd399,['ethnicity'],2014-04-23T23:26:54.717Z,Portuguese ,2014-05-09T22:20:59.910Z
601,0.0,53584c3ed910e0720acfd321,['ethnicity'],2014-04-23T23:26:54.576Z,Portuguese-Creole,2014-05-09T22:20:59.652Z
602,4.0,53584c3ed910e0720acfd476,['religion'],2014-04-23T23:26:54.878Z,Protestant,2014-05-09T22:21:00.050Z
603,0.0,53584c3fd910e0720acfd593,['ethnicity'],2014-04-23T23:26:55.134Z,Protestant,2014-04-23T23:26:55.134Z
604,0.0,53584c3ed910e0720acfd39a,['ethnicity'],2014-04-23T23:26:54.718Z,Pumi,2014-05-09T22:20:59.910Z
605,0.0,53584c3ed910e0720acfd438,['ethnicity'],2014-04-23T23:26:54.826Z,Punjabi,2014-05-09T22:20:59.873Z
606,0.0,53584c3ed910e0720acfd398,['ethnicity'],2014-04-23T23:26:54.716Z,Puthai,2014-05-09T22:20:59.909Z
607,0.0,53584c3fd910e0720acfd594,['ethnicity'],2014-04-23T23:26:55.135Z,Qiang,2014-05-09T22:20:59.960Z
608,0.0,53584c3fd910e0720acfd526,['ethnicity'],2014-04-23T23:26:55.029Z,Qizilbash,2014-05-09T22:21:00.036Z
609,0.0,53584c3ed910e0720acfd43c,['ethnicity'],2014-04-23T23:26:54.827Z,Quechua,2014-05-09T22:20:59.912Z
610,0.0,53584c3ed910e0720acfd39b,['ethnicity'],2014-04-23T23:26:54.718Z,Rajasthani,2014-05-09T22:20:59.910Z
611,0.0,53584c3ed910e0720acfd3e5,['ethnicity'],2014-04-23T23:26:54.778Z,Rakhine,2014-05-09T22:20:59.642Z
612,0.0,53584c3fd910e0720acfd595,['ethnicity'],2014-04-23T23:26:55.136Z,Rapa Nui,2014-05-09T22:20:59.962Z
613,0.0,53584c3ed910e0720acfd3cc,['knowngroup'],2014-04-23T23:26:54.757Z,Red Crescent,2014-05-09T22:20:59.955Z
614,0.0,53584c3fd910e0720acfd552,['knowngroup'],2014-04-23T23:26:55.077Z,Red Cross,2014-05-09T22:21:00.164Z
615,0.0,53584c3fd910e0720acfd5ee,['ethnicity'],2014-04-23T23:26:55.228Z,Romani,2014-05-09T22:20:59.848Z
616,0.0,53584c3fd910e0720acfd596,['ethnicity'],2014-04-23T23:26:55.136Z,Romanian,2014-05-09T22:20:59.965Z
617,0.0,53584c3ed910e0720acfd39c,['ethnicity'],2014-04-23T23:26:54.718Z,Romansh,2014-05-09T22:20:59.911Z
618,0.0,53584c3fd910e0720acfd528,['ethnicity'],2014-04-23T23:26:55.031Z,Rundi,2014-05-09T22:21:00.038Z
619,0.0,53584c3ed910e0720acfd39d,['ethnicity'],2014-04-23T23:26:54.719Z,Russian,2014-05-09T22:20:59.911Z
620,0.0,53584c3ed910e0720acfd3c2,['knowngroup'],2014-04-23T23:26:54.746Z,Salafist Group,2014-05-09T22:20:59.924Z
621,0.0,53584c3ed910e0720acfd443,['ethnicity'],2014-04-23T23:26:54.834Z,Salar,2014-05-09T22:20:59.950Z
622,0.0,53584c3ed910e0720acfd43f,['ethnicity'],2014-04-23T23:26:54.829Z,Salish,2014-05-09T22:20:59.927Z
623,0.0,53584c3fd910e0720acfd5f4,['ethnicity'],2014-04-23T23:26:55.236Z,Sami,2014-05-09T22:20:59.877Z
624,0.0,53584c3fd910e0720acfd59c,['ethnicity'],2014-04-23T23:26:55.141Z,Samoans,2014-05-09T22:20:59.976Z
625,0.0,53584c3fd910e0720acfd5ef,['ethnicity'],2014-04-23T23:26:55.230Z,Sandawe,2014-05-09T22:20:59.849Z
626,0.0,53584c3fd910e0720acfd597,['ethnicity'],2014-04-23T23:26:55.137Z,Sango,2014-05-09T22:20:59.969Z
627,0.0,53584c3ed910e0720acfd32d,['ethnicity'],2014-04-23T23:26:54.624Z,Santals,2014-05-09T22:20:59.660Z
628,0.0,53584c3ed910e0720acfd39e,['ethnicity'],2014-04-23T23:26:54.720Z,Sara,2014-05-09T22:20:59.911Z
629,0.0,53584c3ed910e0720acfd3a4,['ethnicity'],2014-04-23T23:26:54.722Z,Sardinian,2014-05-09T22:20:59.914Z
630,0.0,53584c3fd910e0720acfd5f0,['ethnicity'],2014-04-23T23:26:55.232Z,Sasak,2014-05-09T22:20:59.849Z
631,0.0,53584c3ed910e0720acfd440,['ethnicity'],2014-04-23T23:26:54.830Z,Scottish,2014-05-09T22:20:59.928Z
632,0.0,53584c3ed910e0720acfd39f,['ethnicity'],2014-04-23T23:26:54.721Z,Selkup,2014-05-09T22:20:59.912Z
633,0.0,53584c3fd910e0720acfd5f1,['ethnicity'],2014-04-23T23:26:55.234Z,Sena,2014-05-09T22:20:59.849Z
634,0.0,53584c3ed910e0720acfd4ba,['ethnicity'],2014-04-23T23:26:54.933Z,Sephardic Jew,2014-05-09T22:20:59.786Z
635,0.0,53584c3fd910e0720acfd59e,['ethnicity'],2014-04-23T23:26:55.143Z,Serbs,2014-05-09T22:20:59.980Z
636,0.0,53584c3ed910e0720acfd446,['ethnicity'],2014-04-23T23:26:54.839Z,Serer,2014-05-09T22:21:00.129Z
637,0.0,53584c3fd910e0720acfd530,['ethnicity'],2014-04-23T23:26:55.039Z,Serer,2014-04-23T23:26:55.040Z
638,0.0,53584c3fd910e0720acfd52b,['ethnicity'],2014-04-23T23:26:55.035Z,Shafi'i,2014-05-09T22:21:00.125Z
639,0.0,53584c3fd910e0720acfd52c,['ethnicity'],2014-04-23T23:26:55.036Z,Shaigiya,2014-05-09T22:21:00.126Z
640,0.0,53584c3fd910e0720acfd59a,['ethnicity'],2014-04-23T23:26:55.140Z,Shan,2014-05-09T22:20:59.974Z
641,0.0,53584c3ed910e0720acfd3cd,['knowngroup'],2014-04-23T23:26:54.758Z,Shas Party,2014-05-09T22:20:59.955Z
642,0.0,53584c3ed910e0720acfd441,['ethnicity'],2014-04-23T23:26:54.832Z,She,2014-05-09T22:20:59.929Z
643,0.0,53584c3ed910e0720acfd3a0,['ethnicity'],2014-04-23T23:26:54.721Z,Shi'ites,2014-05-09T22:20:59.912Z
644,0.0,53584c3fd910e0720acfd627,['religion'],2014-04-23T23:26:55.275Z,Shia,2014-05-09T22:21:00.136Z
645,0.0,53584c3fd910e0720acfd5f2,['ethnicity'],2014-04-23T23:26:55.235Z,Shilluk,2014-05-09T22:20:59.876Z
646,0.0,53584c3fd910e0720acfd52e,['ethnicity'],2014-04-23T23:26:55.038Z,Shona,2014-05-09T22:21:00.128Z
647,0.0,53584c3fd910e0720acfd52a,['ethnicity'],2014-04-23T23:26:55.034Z,Sicilian,2014-05-09T22:21:00.124Z
648,0.0,53584c3ed910e0720acfd442,['ethnicity'],2014-04-23T23:26:54.833Z,Sidama,2014-05-09T22:20:59.930Z
649,0.0,53584c3fd910e0720acfd561,['religion'],2014-04-23T23:26:55.090Z,Sikh,2014-05-09T22:21:00.256Z
650,0.0,53584c3ed910e0720acfd347,['ethnicity'],2014-04-23T23:26:54.647Z,Siksikawa,2014-05-09T22:20:59.704Z
651,0.0,53584c3ed910e0720acfd444,['ethnicity'],2014-04-23T23:26:54.835Z,Sindhi,2014-05-09T22:20:59.950Z
652,0.0,53584c3ed910e0720acfd3a1,['ethnicity'],2014-04-23T23:26:54.721Z,Sinhalese,2014-05-09T22:20:59.913Z
653,0.0,53584c3fd910e0720acfd5f3,['ethnicity'],2014-04-23T23:26:55.235Z,Siouan,2014-05-09T22:20:59.877Z
654,0.0,53584c3ed910e0720acfd3f7,['ethnicity'],2014-04-23T23:26:54.787Z,Sioux,2014-05-09T22:20:59.715Z
655,0.0,53584c3ed910e0720acfd4e3,['ethnicity'],2014-04-23T23:26:54.970Z,Slavey,2014-05-09T22:20:59.731Z
656,0.0,53584c3fd910e0720acfd59b,['ethnicity'],2014-04-23T23:26:55.140Z,Slavic,2014-05-09T22:20:59.974Z
657,0.0,53584c3fd910e0720acfd52d,['ethnicity'],2014-04-23T23:26:55.037Z,Slovaks,2014-05-09T22:21:00.127Z
658,0.0,53584c3ed910e0720acfd3a2,['ethnicity'],2014-04-23T23:26:54.722Z,Slovenes,2014-05-09T22:20:59.913Z
659,0.0,53584c3fd910e0720acfd5f5,['ethnicity'],2014-04-23T23:26:55.237Z,Somali,2014-05-09T22:20:59.878Z
660,0.0,53584c3fd910e0720acfd59d,['ethnicity'],2014-04-23T23:26:55.143Z,Songhai,2014-05-09T22:20:59.979Z
661,0.0,53584c3ed910e0720acfd3a3,['ethnicity'],2014-04-23T23:26:54.722Z,Soninke,2014-05-09T22:20:59.913Z
662,0.0,53584c3ed910e0720acfd3b4,['ethnicity'],2014-04-23T23:26:54.729Z,Sorbs,2014-05-09T22:20:59.920Z
663,0.0,53584c3fd910e0720acfd52f,['ethnicity'],2014-04-23T23:26:55.038Z,Sotho,2014-05-09T22:21:00.128Z
664,0.0,53584c3fd910e0720acfd5c6,['knowngroup'],2014-04-23T23:26:55.181Z,South Asian Association,2014-05-09T22:21:00.263Z
665,0.0,53584c3fd910e0720acfd547,['knowngroup'],2014-04-23T23:26:55.061Z,South Lebanon Army,2014-05-09T22:21:00.158Z
666,0.0,53584c3fd910e0720acfd519,['ethnicity'],2014-04-23T23:26:55.016Z,South Ndebele,2014-05-09T22:20:59.984Z
667,0.0,53584c3fd910e0720acfd61f,['knowngroup'],2014-04-23T23:26:55.270Z,Southeast Asia Collective Defense Treaty (SEATO),2014-05-09T22:21:00.133Z
668,0.0,53584c3fd910e0720acfd558,['knowngroup'],2014-04-23T23:26:55.083Z,Southern African Development Community,2014-05-09T22:21:00.244Z
669,0.0,53584c3fd910e0720acfd53c,['ethnicity'],2014-04-23T23:26:55.049Z,Southern Mbundu,2014-05-09T22:21:00.152Z
670,0.0,53584c3ed910e0720acfd445,['ethnicity'],2014-04-23T23:26:54.836Z,Spanish,2014-05-09T22:20:59.951Z
671,0.0,53584c3fd910e0720acfd5f6,['ethnicity'],2014-04-23T23:26:55.238Z,Sranan Tongo,2014-05-09T22:20:59.878Z
672,0.0,53584c3ed910e0720acfd319,['ethnicity'],2014-04-23T23:26:54.569Z,Subiya,2014-05-09T22:20:59.647Z
673,0.0,53584c3fd910e0720acfd598,['ethnicity'],2014-04-23T23:26:55.138Z,Sudanese,2014-05-09T22:20:59.969Z
674,4.0,53584c3ed910e0720acfd3d5,['religion'],2014-04-23T23:26:54.762Z,Sufi,2014-05-09T22:20:59.970Z
675,0.0,53584c3fd910e0720acfd599,['ethnicity'],2014-04-23T23:26:55.139Z,Sufi,2014-04-23T23:26:55.139Z
676,0.0,53584c3fd910e0720acfd5f7,['ethnicity'],2014-04-23T23:26:55.238Z,Sui,2014-05-09T22:20:59.879Z
677,0.0,53584c3fd910e0720acfd59f,['ethnicity'],2014-04-23T23:26:55.144Z,Sukama,2014-05-09T22:20:59.982Z
678,4.0,53584c3ed910e0720acfd477,['religion'],2014-04-23T23:26:54.878Z,Sunni,2014-05-09T22:21:00.129Z
679,0.0,53584c3fd910e0720acfd531,['ethnicity'],2014-04-23T23:26:55.040Z,Sunni,2014-04-23T23:26:55.041Z
680,0.0,53584c3ed910e0720acfd447,['ethnicity'],2014-04-23T23:26:54.840Z,Susu,2014-05-09T22:20:59.961Z
681,0.0,53584c3ed910e0720acfd3a6,['ethnicity'],2014-04-23T23:26:54.723Z,Swahili,2014-05-09T22:20:59.915Z
682,0.0,53584c3ed910e0720acfd3a5,['ethnicity'],2014-04-23T23:26:54.723Z,Swazi,2014-05-09T22:20:59.914Z
683,0.0,53584c3fd910e0720acfd5f8,['ethnicity'],2014-04-23T23:26:55.242Z,Swedes,2014-05-09T22:20:59.925Z
684,0.0,53584c3fd910e0720acfd5a0,['ethnicity'],2014-04-23T23:26:55.145Z,Swiss French,2014-05-09T22:20:59.995Z
685,0.0,53584c3ed910e0720acfd332,['ethnicity'],2014-04-23T23:26:54.629Z,Swiss Germans,2014-05-09T22:20:59.665Z
686,0.0,53584c3fd910e0720acfd532,['ethnicity'],2014-04-23T23:26:55.041Z,Swiss Italian,2014-05-09T22:21:00.129Z
687,0.0,53584c3ed910e0720acfd448,['ethnicity'],2014-04-23T23:26:54.840Z,Tabasaran,2014-05-09T22:20:59.962Z
688,0.0,53584c3fd910e0720acfd535,['ethnicity'],2014-04-23T23:26:55.043Z,Tagalog,2014-05-09T22:21:00.130Z
689,0.0,53584c3ed910e0720acfd3a7,['ethnicity'],2014-04-23T23:26:54.723Z,Tahitian,2014-05-09T22:20:59.915Z
690,0.0,53584c3fd910e0720acfd5f9,['ethnicity'],2014-04-23T23:26:55.243Z,Tai,2014-05-09T22:20:59.926Z
691,0.0,53584c3fd910e0720acfd53b,['ethnicity'],2014-04-23T23:26:55.048Z,Taiwanese,2014-05-09T22:21:00.151Z
692,0.0,53584c3fd910e0720acfd5a3,['ethnicity'],2014-04-23T23:26:55.148Z,Tajik,2014-05-09T22:21:00.023Z
693,0.0,53584c3fd910e0720acfd5c7,['knowngroup'],2014-04-23T23:26:55.181Z,Taliban,2014-05-09T22:21:00.264Z
694,0.0,53584c3fd910e0720acfd5a5,['ethnicity'],2014-04-23T23:26:55.150Z,Tama,2014-05-09T22:21:00.027Z
695,0.0,53584c3fd910e0720acfd5a1,['ethnicity'],2014-04-23T23:26:55.146Z,Tamil,2014-05-09T22:21:00.004Z
696,4.0,53584c3ed910e0720acfd3d6,['religion'],2014-04-23T23:26:54.764Z,Taoist,2014-05-09T22:21:00.130Z
697,0.0,53584c3fd910e0720acfd533,['ethnicity'],2014-04-23T23:26:55.042Z,Taoist,2014-04-23T23:26:55.042Z
698,0.0,53584c3ed910e0720acfd449,['ethnicity'],2014-04-23T23:26:54.841Z,Tatars,2014-05-09T22:20:59.962Z
699,0.0,53584c3ed910e0720acfd3a8,['ethnicity'],2014-04-23T23:26:54.724Z,Tawahka,2014-05-09T22:20:59.915Z
700,0.0,53584c3fd910e0720acfd5fa,['ethnicity'],2014-04-23T23:26:55.244Z,Tay,2014-05-09T22:20:59.927Z
701,0.0,53584c3fd910e0720acfd5a2,['ethnicity'],2014-04-23T23:26:55.147Z,Telugu,2014-05-09T22:21:00.009Z
702,0.0,53584c3fd910e0720acfd534,['ethnicity'],2014-04-23T23:26:55.043Z,Temne,2014-05-09T22:21:00.130Z
703,0.0,53584c3ed910e0720acfd44a,['ethnicity'],2014-04-23T23:26:54.842Z,Terenan,2014-05-09T22:20:59.962Z
704,0.0,53584c3ed910e0720acfd3ad,['ethnicity'],2014-04-23T23:26:54.725Z,Ternate,2014-05-09T22:20:59.918Z
705,0.0,53584c3ed910e0720acfd3a9,['ethnicity'],2014-04-23T23:26:54.724Z,Teso,2014-05-09T22:20:59.916Z
706,0.0,53584c3fd910e0720acfd5fb,['ethnicity'],2014-04-23T23:26:55.245Z,Tetum,2014-05-09T22:20:59.929Z
707,0.0,53584c3ed910e0720acfd44b,['ethnicity'],2014-04-23T23:26:54.842Z,Thai,2014-05-09T22:20:59.963Z
708,0.0,53584c3ed910e0720acfd3aa,['ethnicity'],2014-04-23T23:26:54.724Z,Tibetan,2014-05-09T22:20:59.916Z
709,0.0,53584c3ed910e0720acfd3ea,['ethnicity'],2014-04-23T23:26:54.780Z,Tibetan,2014-04-23T23:26:54.780Z
710,0.0,53584c3fd910e0720acfd5a4,['ethnicity'],2014-04-23T23:26:55.149Z,Tigray-Tigrinya,2014-05-09T22:21:00.027Z
711,0.0,53584c3fd910e0720acfd5fc,['ethnicity'],2014-04-23T23:26:55.245Z,Tigre,2014-05-09T22:20:59.952Z
712,0.0,53584c3fd910e0720acfd536,['ethnicity'],2014-04-23T23:26:55.044Z,Tiv,2014-05-09T22:21:00.131Z
713,0.0,53584c3ed910e0720acfd3ab,['ethnicity'],2014-04-23T23:26:54.725Z,Tlingit,2014-05-09T22:20:59.917Z
714,0.0,53584c3fd910e0720acfd5a6,['ethnicity'],2014-04-23T23:26:55.150Z,Tok Pisin,2014-05-09T22:21:00.027Z
715,0.0,53584c3ed910e0720acfd44c,['ethnicity'],2014-04-23T23:26:54.843Z,Tokelauan,2014-05-09T22:20:59.963Z
716,0.0,53584c3fd910e0720acfd537,['ethnicity'],2014-04-23T23:26:55.045Z,Tonga (Africa),2014-05-09T22:21:00.131Z
717,0.0,53584c3ed910e0720acfd44d,['ethnicity'],2014-04-23T23:26:54.843Z,Tonga (Pacific),2014-05-09T22:20:59.963Z
718,0.0,53584c3ed910e0720acfd3ac,['ethnicity'],2014-04-23T23:26:54.725Z,Tooro,2014-05-09T22:20:59.917Z
719,0.0,53584c3fd910e0720acfd5fe,['ethnicity'],2014-04-23T23:26:55.246Z,Toubou,2014-05-09T22:20:59.960Z
720,0.0,53584c3fd910e0720acfd538,['ethnicity'],2014-04-23T23:26:55.045Z,Transnistrians,2014-05-09T22:21:00.131Z
721,0.0,53584c3ed910e0720acfd44e,['ethnicity'],2014-04-23T23:26:54.844Z,Tripuri,2014-05-09T22:20:59.963Z
722,0.0,53584c3fd910e0720acfd5ff,['ethnicity'],2014-04-23T23:26:55.247Z,Tsimshian,2014-05-09T22:20:59.965Z
723,0.0,53584c3fd910e0720acfd539,['ethnicity'],2014-04-23T23:26:55.047Z,Tsonga,2014-05-09T22:21:00.132Z
724,0.0,53584c3fd910e0720acfd5a7,['ethnicity'],2014-04-23T23:26:55.151Z,Tswana,2014-05-09T22:21:00.028Z
725,0.0,53584c3fd910e0720acfd5fd,['ethnicity'],2014-04-23T23:26:55.246Z,Tuareg,2014-05-09T22:20:59.959Z
726,0.0,53584c3ed910e0720acfd3ae,['ethnicity'],2014-04-23T23:26:54.726Z,Tujia,2014-05-09T22:20:59.918Z
727,0.0,53584c3fd910e0720acfd5a8,['ethnicity'],2014-04-23T23:26:55.152Z,Tumbuka,2014-05-09T22:21:00.028Z
728,0.0,53584c3fd910e0720acfd53a,['ethnicity'],2014-04-23T23:26:55.048Z,Tupi,2014-05-09T22:21:00.132Z
729,0.0,53584c3ed910e0720acfd450,['ethnicity'],2014-04-23T23:26:54.845Z,Turkish,2014-05-09T22:20:59.964Z
730,0.0,53584c3fd910e0720acfd600,['ethnicity'],2014-04-23T23:26:55.247Z,Turkmen,2014-05-09T22:20:59.966Z
731,0.0,53584c3ed910e0720acfd44f,['ethnicity'],2014-04-23T23:26:54.844Z,Tutsi,2014-05-09T22:20:59.964Z
732,0.0,53584c3fd910e0720acfd601,['ethnicity'],2014-04-23T23:26:55.247Z,Tuvaluans,2014-05-09T22:20:59.967Z
733,0.0,53584c3ed910e0720acfd451,['ethnicity'],2014-04-23T23:26:54.845Z,Tuvans,2014-05-09T22:20:59.965Z
734,0.0,53584c3fd910e0720acfd5bc,['knowngroup'],2014-04-23T23:26:55.167Z,UN High Commission for Human Rights,2014-05-09T22:21:00.257Z
735,0.0,53584c3fd910e0720acfd54e,['knowngroup'],2014-04-23T23:26:55.070Z,UN High Commission for Refugees,2014-05-09T22:21:00.163Z
736,0.0,53584c3ed910e0720acfd3b0,['ethnicity'],2014-04-23T23:26:54.728Z,Udmurt,2014-05-09T22:20:59.919Z
737,0.0,53584c3fd910e0720acfd5aa,['ethnicity'],2014-04-23T23:26:55.153Z,Ukranian,2014-05-09T22:21:00.032Z
738,0.0,53584c3fd910e0720acfd628,['religion'],2014-04-23T23:26:55.276Z,Ultra-Orthodox,2014-05-09T22:21:00.136Z
739,0.0,53584c3ed910e0720acfd452,['ethnicity'],2014-04-23T23:26:54.846Z,Undetermined,2014-05-09T22:20:59.966Z
740,0.0,53584c3ed910e0720acfd46f,['knowngroup'],2014-04-23T23:26:54.865Z,United Nations,2014-05-09T22:21:00.025Z
741,0.0,53584c3fd910e0720acfd553,['knowngroup'],2014-04-23T23:26:55.077Z,United Nations Children?s Fund (UNICEF),2014-05-09T22:21:00.164Z
742,0.0,53584c3fd910e0720acfd612,['knowngroup'],2014-04-23T23:26:55.260Z,United Nations Food and Agriculture Organization,2014-05-09T22:21:00.030Z
743,0.0,53584c3ed910e0720acfd43d,['ethnicity'],2014-04-23T23:26:54.828Z,Unspecified Religion,2014-05-09T22:20:59.925Z
744,0.0,53584c3fd910e0720acfd563,['ethnicity'],2014-04-23T23:26:55.092Z,Upper Sorbian,2014-05-09T22:20:59.669Z
745,0.0,53584c3ed910e0720acfd488,['ethnicity'],2014-04-23T23:26:54.898Z,Urban ni-Vanautu,2014-05-09T22:20:59.620Z
746,0.0,53584c3ed910e0720acfd3b1,['ethnicity'],2014-04-23T23:26:54.728Z,Urdu,2014-05-09T22:20:59.919Z
747,0.0,53584c3fd910e0720acfd602,['ethnicity'],2014-04-23T23:26:55.248Z,Uyghur,2014-05-09T22:20:59.973Z
748,0.0,53584c3fd910e0720acfd603,['ethnicity'],2014-04-23T23:26:55.249Z,Uzbeks,2014-05-09T22:20:59.973Z
749,0.0,53584c3fd910e0720acfd5ab,['ethnicity'],2014-04-23T23:26:55.154Z,Va,2014-05-09T22:21:00.033Z
750,0.0,53584c3fd910e0720acfd53d,['ethnicity'],2014-04-23T23:26:55.050Z,Vai,2014-05-09T22:21:00.153Z
751,0.0,53584c3ed910e0720acfd453,['ethnicity'],2014-04-23T23:26:54.847Z,Venda,2014-05-09T22:20:59.968Z
752,0.0,53584c3fd910e0720acfd5ac,['ethnicity'],2014-04-23T23:26:55.155Z,Venezuelan,2014-05-09T22:21:00.033Z
753,0.0,53584c3ed910e0720acfd3b2,['ethnicity'],2014-04-23T23:26:54.728Z,Vietnamese,2014-05-09T22:20:59.920Z
754,0.0,53584c3fd910e0720acfd604,['ethnicity'],2014-04-23T23:26:55.250Z,Vili,2014-05-09T22:20:59.974Z
755,0.0,53584c3fd910e0720acfd53e,['ethnicity'],2014-04-23T23:26:55.051Z,Votes,2014-05-09T22:21:00.153Z
756,0.0,53584c3ed910e0720acfd454,['ethnicity'],2014-04-23T23:26:54.847Z,Wakashan,2014-05-09T22:20:59.969Z
757,0.0,53584c3fd910e0720acfd5ae,['ethnicity'],2014-04-23T23:26:55.156Z,Walloons,2014-05-09T22:21:00.051Z
758,0.0,53584c3fd910e0720acfd605,['ethnicity'],2014-04-23T23:26:55.250Z,Waray,2014-05-09T22:20:59.976Z
759,0.0,53584c3fd910e0720acfd5ad,['ethnicity'],2014-04-23T23:26:55.155Z,Washoe,2014-05-09T22:21:00.042Z
760,0.0,53584c3ed910e0720acfd3b3,['ethnicity'],2014-04-23T23:26:54.729Z,Welayta,2014-05-09T22:20:59.920Z
761,0.0,53584c3fd910e0720acfd53f,['ethnicity'],2014-04-23T23:26:55.054Z,Welsch,2014-05-09T22:21:00.154Z
762,0.0,53584c3ed910e0720acfd455,['ethnicity'],2014-04-23T23:26:54.848Z,Welsh,2014-05-09T22:20:59.970Z
763,0.0,53584c3ed910e0720acfd3ce,['knowngroup'],2014-04-23T23:26:54.758Z,West Africa Development Bank,2014-05-09T22:20:59.955Z
764,0.0,53584c3fd910e0720acfd620,['knowngroup'],2014-04-23T23:26:55.271Z,West Africa Monetary and Economic Union,2014-05-09T22:21:00.134Z
765,0.0,53584c3fd910e0720acfd606,['ethnicity'],2014-04-23T23:26:55.251Z,Whites,2014-05-09T22:20:59.977Z
766,0.0,53584c3fd910e0720acfd540,['ethnicity'],2014-04-23T23:26:55.055Z,Wolof,2014-05-09T22:21:00.154Z
767,0.0,53584c3fd910e0720acfd55a,['knowngroup'],2014-04-23T23:26:55.084Z,World Bank,2014-05-09T22:21:00.252Z
768,0.0,53584c3ed910e0720acfd3cf,['knowngroup'],2014-04-23T23:26:54.759Z,World Economic Forum,2014-05-09T22:20:59.956Z
769,0.0,53584c3fd910e0720acfd621,['knowngroup'],2014-04-23T23:26:55.271Z,World Food Program,2014-05-09T22:21:00.134Z
770,0.0,53584c3fd910e0720acfd5c9,['knowngroup'],2014-04-23T23:26:55.183Z,World Health Organization,2014-05-09T22:21:00.265Z
771,0.0,53584c3fd910e0720acfd55b,['knowngroup'],2014-04-23T23:26:55.085Z,World Trade Organization,2014-05-09T22:21:00.254Z
772,0.0,53584c3ed910e0720acfd471,['knowngroup'],2014-04-23T23:26:54.874Z,World Trade Organization (WTO),2014-05-09T22:21:00.047Z
773,0.0,53584c3ed910e0720acfd3b5,['ethnicity'],2014-04-23T23:26:54.729Z,Xhosa,2014-05-09T22:20:59.920Z
774,0.0,53584c3fd910e0720acfd607,['ethnicity'],2014-04-23T23:26:55.251Z,Xibe,2014-05-09T22:20:59.979Z
775,0.0,53584c3fd910e0720acfd5af,['ethnicity'],2014-04-23T23:26:55.156Z,Xinca,2014-05-09T22:21:00.090Z
776,0.0,53584c3fd910e0720acfd529,['ethnicity'],2014-04-23T23:26:55.031Z,Yakuts,2014-05-09T22:21:00.123Z
777,0.0,53584c3fd910e0720acfd541,['ethnicity'],2014-04-23T23:26:55.056Z,Yao,2014-05-09T22:21:00.155Z
778,0.0,53584c3ed910e0720acfd4e2,['ethnicity'],2014-04-23T23:26:54.969Z,Yao (Asia),2014-05-09T22:20:59.729Z
779,0.0,53584c3ed910e0720acfd457,['ethnicity'],2014-04-23T23:26:54.848Z,Yapese,2014-05-09T22:20:59.970Z
780,0.0,53584c3fd910e0720acfd565,['ethnicity'],2014-04-23T23:26:55.093Z,Yi,2014-05-09T22:20:59.671Z
781,0.0,53584c3ed910e0720acfd3b6,['ethnicity'],2014-04-23T23:26:54.730Z,Yoruba,2014-05-09T22:20:59.921Z
782,0.0,53584c3fd910e0720acfd5b0,['ethnicity'],2014-04-23T23:26:55.157Z,Yugur,2014-05-09T22:21:00.137Z
783,0.0,53584c3fd910e0720acfd608,['ethnicity'],2014-04-23T23:26:55.252Z,Yupik,2014-05-09T22:20:59.980Z
784,0.0,53584c3fd910e0720acfd542,['ethnicity'],2014-04-23T23:26:55.057Z,Zaghawa,2014-05-09T22:21:00.155Z
785,0.0,53584c3ed910e0720acfd3b7,['ethnicity'],2014-04-23T23:26:54.730Z,Zaidiyya,2014-05-09T22:20:59.921Z
786,0.0,53584c3ed910e0720acfd458,['ethnicity'],2014-04-23T23:26:54.849Z,Zapotec,2014-05-09T22:20:59.971Z
787,0.0,53584c3fd910e0720acfd544,['ethnicity'],2014-04-23T23:26:55.058Z,Zaza,2014-05-09T22:21:00.157Z
788,0.0,53584c3fd910e0720acfd609,['ethnicity'],2014-04-23T23:26:55.253Z,Zenaga,2014-05-09T22:20:59.991Z
789,0.0,53584c3fd910e0720acfd5b1,['ethnicity'],2014-04-23T23:26:55.158Z,Zhuang,2014-05-09T22:21:00.144Z
790,0.0,53584c3ed910e0720acfd459,['ethnicity'],2014-04-23T23:26:54.850Z,Zomi,2014-05-09T22:20:59.971Z
791,0.0,53584c3fd910e0720acfd5d0,['religion'],2014-04-23T23:26:55.191Z,Zoroastrianism,2014-05-09T22:21:00.268Z
792,0.0,53584c3ed910e0720acfd3b8,['ethnicity'],2014-04-23T23:26:54.732Z,Zoroastrians,2014-05-09T22:20:59.922Z
793,0.0,53584c3fd910e0720acfd60a,['ethnicity'],2014-04-23T23:26:55.254Z,Zulu,2014-05-09T22:21:00.001Z
794,0.0,53584c3fd910e0720acfd5b2,['ethnicity'],2014-04-23T23:26:55.159Z,Zuni,2014-05-09T22:21:00.146Z
795,0.0,536d54cb017e3d0000c62d36,['conflict'],2014-05-09T22:20:59.579Z,air-combat,2014-05-09T22:20:59.580Z
796,0.0,534dde005df4df1159cf06a7,['conflict'],2014-04-16T01:33:52.435Z,armed-conflict,2014-05-09T22:20:59.569Z
797,0.0,534dde005df4df1159cf06ae,['conflict'],2014-04-16T01:33:52.441Z,arrest,2014-05-09T22:20:59.573Z
798,0.0,534dde005df4df1159cf06b6,['disaster'],2014-04-16T01:33:52.447Z,avalanche,2014-05-09T22:20:59.593Z
799,0.0,536d54cb017e3d0000c62d35,['conflict'],2014-05-09T22:20:59.574Z,chemical-warfare,2014-05-09T22:20:59.574Z
800,0.0,534dde005df4df1159cf06ab,['conflict'],2014-04-16T01:33:52.439Z,conflict,2014-05-09T22:20:59.560Z
801,0.0,53584c3ed910e0720acfd479,['conflict'],2014-04-23T23:26:54.883Z,criminal,2014-05-09T22:20:59.591Z
802,0.0,534dde005df4df1159cf06ac,['conflict'],2014-04-16T01:33:52.440Z,death,2014-05-09T22:20:59.573Z
803,0.0,534dde005df4df1159cf06a1,['disaster'],2014-04-16T01:33:52.430Z,disaster,2014-05-09T22:20:59.565Z
804,0.0,534dde005df4df1159cf06a9,['disaster'],2014-04-16T01:33:52.437Z,drought,2014-05-09T22:20:59.577Z
805,0.0,534dde005df4df1159cf06b3,['disaster'],2014-04-16T01:33:52.445Z,earthquake,2014-04-16T01:33:52.446Z
806,0.0,534dde005df4df1159cf06bb,['disaster'],2014-04-16T01:33:52.452Z,earthquake,2014-05-09T22:20:59.591Z
807,0.0,534dde005df4df1159cf06b8,['disaster'],2014-04-16T01:33:52.448Z,epidemic,2014-05-09T22:20:59.582Z
808,0.0,534dde005df4df1159cf06a0,['conflict'],2014-04-16T01:33:52.429Z,ethnic-violence,2014-05-09T22:20:59.579Z
809,0.0,534dde005df4df1159cf06b5,['disaster'],2014-04-16T01:33:52.447Z,extreme-cold,2014-05-09T22:20:59.592Z
810,0.0,534dde005df4df1159cf06a3,['disaster'],2014-04-16T01:33:52.432Z,extreme-heat,2014-05-09T22:20:59.567Z
811,0.0,534dde005df4df1159cf06a4,['disaster'],2014-04-16T01:33:52.433Z,fire,2014-05-09T22:20:59.567Z
812,0.0,534dde005df4df1159cf06b7,['disaster'],2014-04-16T01:33:52.447Z,flood,2014-05-09T22:20:59.581Z
813,0.0,53584c3ed910e0720acfd478,['conflict'],2014-04-23T23:26:54.880Z,government,2014-05-09T22:20:59.590Z
814,0.0,53584c3ed910e0720acfd305,['conflict'],2014-04-23T23:26:54.538Z,human-rights,2014-05-09T22:20:59.570Z
815,0.0,534dde005df4df1159cf06bc,['disaster'],2014-04-16T01:33:52.453Z,hurricane,2014-05-09T22:20:59.572Z
816,0.0,53584c3ed910e0720acfd304,['conflict'],2014-04-23T23:26:54.536Z,insurgents,2014-05-09T22:20:59.570Z
817,0.0,534dde005df4df1159cf06a8,['disaster'],2014-04-16T01:33:52.436Z,landslide,2014-05-09T22:20:59.577Z
818,0.0,534dde005df4df1159cf06a6,['conflict'],2014-04-16T01:33:52.434Z,mass-violence,2014-05-09T22:20:59.569Z
819,0.0,53584c3ed910e0720acfd4c1,['conflict'],2014-04-23T23:26:54.940Z,military,2014-05-09T22:20:59.580Z
820,0.0,534dde005df4df1159cf06a2,['disaster'],2014-04-16T01:33:52.431Z,mudslide,2014-05-09T22:20:59.566Z
821,0.0,53584c3ed910e0720acfd4c2,['conflict'],2014-04-23T23:26:54.944Z,peacekeepers,2014-05-09T22:20:59.581Z
822,0.0,534dde005df4df1159cf06b0,['conflict'],2014-04-16T01:33:52.442Z,physical-violence,2014-05-09T22:20:59.583Z
823,0.0,53584c3ed910e0720acfd336,['conflict'],2014-04-23T23:26:54.634Z,police-forces,2014-05-09T22:20:59.565Z
824,0.0,534dde005df4df1159cf069f,['conflict'],2014-04-16T01:33:52.421Z,property-loss,2014-05-09T22:20:59.579Z
825,0.0,53584c3ed910e0720acfd3d7,['conflict'],2014-04-23T23:26:54.766Z,rebels,2014-05-09T22:20:59.576Z
826,0.0,534dde005df4df1159cf06b1,['conflict'],2014-04-16T01:33:52.443Z,restricted-movement,2014-05-09T22:20:59.583Z
827,0.0,534dde005df4df1159cf06a5,['conflict'],2014-04-16T01:33:52.433Z,riot,2014-05-09T22:20:59.568Z
828,0.0,53584c3ed910e0720acfd3d8,['conflict'],2014-04-23T23:26:54.767Z,settler,2014-05-09T22:20:59.577Z
829,0.0,534dde005df4df1159cf06b4,['disaster'],2014-04-16T01:33:52.446Z,severe-storm,2014-05-09T22:20:59.592Z
830,0.0,534dde005df4df1159cf06af,['conflict'],2014-04-16T01:33:52.442Z,sexual-violence,2014-05-09T22:20:59.564Z
831,0.0,53584c3ed910e0720acfd337,['conflict'],2014-04-23T23:26:54.634Z,state-intelligence,2014-05-09T22:20:59.565Z
832,0.0,534dde005df4df1159cf06ad,['conflict'],2014-04-16T01:33:52.441Z,suicide-bombing,2014-05-09T22:20:59.563Z
833,0.0,534dde005df4df1159cf06b9,['disaster'],2014-04-16T01:33:52.448Z,tornado,2014-05-09T22:20:59.582Z
834,0.0,534dde005df4df1159cf06b2,['conflict'],2014-04-16T01:33:52.444Z,torture,2014-05-09T22:20:59.590Z
835,0.0,534dde005df4df1159cf06ba,['disaster'],2014-04-16T01:33:52.449Z,tropical-cyclone,2014-05-09T22:20:59.571Z
836,0.0,534dde005df4df1159cf06bd,['disaster'],2014-04-16T01:33:52.453Z,tsunami,2014-05-09T22:20:59.572Z
837,0.0,534dde005df4df1159cf06aa,['disaster'],2014-04-16T01:33:52.438Z,volcano,2014-05-09T22:20:59.578Z
838,,,,,,
839,,,,,,
840,,,,,,
841,,,,,,
842,,,,,,
843,,,,,,
844,,,,,,
845,,,,,,
846,,,,,,
847,,,,,,
848,,,,,,
849,,,,,,
850,,,,,,
851,,,,,,
852,,,,,,
853,,,,,,
854,,,,,,
855,,,,,,
856,,,,,,
857,,,,,,
858,,,,,,
